seq_name	n_genes	n_uscg	n_plasmid_hallmarks	n_virus_hallmarks	genetic_code	strand_switch_rate	coding_density	no_rbs_freq	sd_bacteroidetes_rbs_freq	sd_canonical_rbs_freq	tatata_rbs_freq	cc_marker_freq	cp_marker_freq	cv_marker_freq	pc_marker_freq	pp_marker_freq	pv_marker_freq	vc_marker_freq	vp_marker_freq	vv_marker_freq	c_marker_freq	p_marker_freq	v_marker_freq	median_c_spm	median_p_spm	median_v_spm	v_vs_c_score_logistic	v_vs_p_score_logistic	p_vs_c_score_logistic	gv_marker_freq	marker_enrichment_c	marker_enrichment_p	marker_enrichment_v
NODE_1_length_71609_cov_11815.851385	113	0	0	12	11	0.0446	0.9375	0.0973	0.0000	0.9027	0.0000	0.0000	0.0000	0.0000	0.0000	0.0000	0.0000	0.0354	0.1593	0.2301	0.0000	0.0000	0.4248	0.0071	0.1522	0.9813	1.0000	1.0000	0.9132	0.0000	-95.3511	-78.4380	66.1052
NODE_2_length_54278_cov_9516.841027	108	0	0	1	11	0.1215	0.8540	0.1389	0.0000	0.8611	0.0000	0.0000	0.0000	0.0000	0.0000	0.0000	0.0185	0.0093	0.0741	0.1481	0.0000	0.0185	0.2315	0.0011	0.1518	0.9851	1.0000	1.0000	0.9558	0.0000	-57.3557	-37.7790	34.3710
NODE_3_length_10214_cov_229.757752	24	0	0	0	11	0.1739	0.8762	0.2917	0.0000	0.7083	0.0000	0.0000	0.0000	0.0000	0.0000	0.0000	0.0000	0.0000	0.0417	0.0417	0.0000	0.0000	0.0833	0.0029	0.2577	0.9284	0.8226	0.7685	0.5828	0.0000	-4.6574	-2.4140	2.3919
NODE_4_length_6625_cov_338.147793	10	0	0	0	11	0.5556	0.8903	0.7000	0.0000	0.3000	0.0000	0.0000	0.0000	0.0000	0.0000	0.0000	0.0000	0.0000	0.1000	0.2000	0.0000	0.0000	0.3000	0.0569	0.1855	0.9810	0.9087	0.8942	0.5409	0.0000	-6.2061	-5.0490	3.9492
NODE_5_length_6026_cov_3.408977	12	0	0	0	11	0.1818	0.9320	0.2500	0.0000	0.7500	0.0000	0.0000	0.0000	0.0000	0.0000	0.0000	0.0000	0.0000	0.1667	0.2500	0.0000	0.0000	0.4167	0.0015	0.0000	0.9972	0.9825	0.9756	0.5834	0.0000	-10.1804	-7.8341	7.1758
NODE_6_length_5550_cov_4.472247	6	0	0	0	11	0.2000	0.8562	0.8333	0.0000	0.1667	0.0000	0.0000	0.0000	0.0000	0.0000	0.0000	0.0000	0.0000	0.0000	0.1667	0.0000	0.0000	0.1667	0.0000	0.0000	1.0000	0.7025	0.7025	0.5000	0.0000	-1.7183	-1.7183	1.7183
NODE_7_length_5424_cov_966.394301	7	0	0	1	11	0.0000	0.9369	1.0000	0.0000	0.0000	0.0000	0.0000	0.0000	0.0000	0.0000	0.0000	0.0000	0.0000	0.0000	0.2857	0.0000	0.0000	0.2857	0.0067	0.0840	0.9929	0.8445	0.8331	0.5212	0.0000	-3.8746	-3.2520	3.2014
NODE_8_length_4778_cov_3.891171	9	0	0	0	11	0.0000	0.7648	0.1111	0.0000	0.8889	0.0000	0.0000	0.0000	0.0000	0.0000	0.0000	0.0000	0.0000	0.1111	0.0000	0.0000	0.0000	0.1111	0.0000	0.4542	0.8909	0.6723	0.6062	0.5714	0.0000	-2.8386	-0.8624	0.8624
NODE_9_length_4132_cov_368.886191	9	0	0	1	11	0.5000	0.6121	0.2222	0.0000	0.7778	0.0000	0.0000	0.0000	0.0000	0.0000	0.0000	0.0000	0.0000	0.2222	0.0000	0.0000	0.0000	0.2222	0.0024	0.2983	0.9527	0.8307	0.7762	0.5859	0.0000	-4.9879	-2.4998	2.4814
NODE_10_length_4082_cov_3.244599	10	0	0	4	11	0.0000	0.9672	0.3000	0.0000	0.7000	0.0000	0.0000	0.0000	0.0000	0.0000	0.0000	0.0000	0.0000	0.2000	0.4000	0.0000	0.0000	0.6000	0.0377	0.0000	0.9894	0.9919	0.9907	0.5354	0.0000	-11.3594	-10.3843	8.9453
NODE_11_length_3975_cov_5.358163	6	0	0	0	11	0.6000	0.9238	0.6667	0.0000	0.3333	0.0000	0.0000	0.0000	0.0000	0.0000	0.0000	0.0000	0.0000	0.0000	0.5000	0.0000	0.0000	0.5000	0.0000	0.0000	0.9999	0.9285	0.9256	0.5108	0.0000	-5.3997	-5.0807	5.0272
NODE_12_length_3874_cov_400.364231	6	0	0	0	11	0.0000	0.5560	0.6667	0.0000	0.3333	0.0000	0.0000	0.0000	0.0000	0.0000	0.0000	0.0000	0.0000	0.0000	0.0000	0.0000	0.0000	0.0000	0.0000	0.0000	0.0000	0.5000	0.5000	0.5000	0.0000	0.0000	0.0000	0.0000
NODE_13_length_3054_cov_3.961320	5	0	0	0	11	0.0000	0.8870	0.4000	0.0000	0.6000	0.0000	0.0000	0.0000	0.0000	0.0000	0.0000	0.0000	0.0000	0.4000	0.0000	0.0000	0.0000	0.4000	0.0547	0.2442	0.9657	0.8276	0.7939	0.5548	0.0000	-4.5944	-3.0037	2.5564
NODE_14_length_2882_cov_9.691900	3	0	0	1	11	0.0000	0.9025	0.6667	0.0000	0.3333	0.0000	0.0000	0.0000	0.0000	0.0000	0.0000	0.0000	0.3333	0.0000	0.0000	0.0000	0.0000	0.3333	0.2003	0.0000	0.9797	0.6728	0.6967	0.4723	0.0000	-1.4419	-2.2544	1.4419
NODE_15_length_2709_cov_1509.564054	4	0	0	0	11	0.0000	0.9734	0.7500	0.0000	0.2500	0.0000	0.0000	0.0000	0.0000	0.0000	0.0000	0.0000	0.0000	0.2500	0.5000	0.0000	0.0000	0.7500	0.0018	0.0000	0.9998	0.9263	0.9180	0.5291	0.0000	-5.7372	-4.8879	4.8088
NODE_16_length_2709_cov_5.069706	3	0	0	0	11	0.0000	0.9900	0.6667	0.0000	0.3333	0.0000	0.0000	0.0000	0.0000	0.0000	0.0000	0.0000	0.3333	0.0000	0.3333	0.0000	0.0000	0.6667	0.1118	0.0000	0.9873	0.8262	0.8435	0.4687	0.0000	-3.1181	-4.0328	3.1181
NODE_17_length_2646_cov_4.914319	2	0	0	1	11	0.0000	0.9966	1.0000	0.0000	0.0000	0.0000	0.0000	0.0000	0.0000	0.0000	0.0000	0.0000	0.0000	0.5000	0.5000	0.0000	0.0000	1.0000	0.0574	0.1548	0.9737	0.8305	0.8126	0.5305	0.0000	-4.1154	-3.2457	2.7902
NODE_18_length_2476_cov_451.095828	5	0	0	0	11	0.2500	0.8784	0.4000	0.0000	0.6000	0.0000	0.0000	0.0000	0.0000	0.0000	0.0000	0.0000	0.0000	0.2000	0.0000	0.0000	0.0000	0.2000	0.0186	0.4611	0.8871	0.6692	0.6038	0.5704	0.0000	-2.8317	-0.8878	0.8125
NODE_19_length_2423_cov_3.152449	5	0	0	0	11	0.5000	0.7862	0.6000	0.0000	0.4000	0.0000	0.0000	0.0000	0.0000	0.0000	0.0000	0.0000	0.0000	0.0000	0.0000	0.0000	0.0000	0.0000	0.0000	0.0000	0.0000	0.5000	0.5000	0.5000	0.0000	0.0000	0.0000	0.0000
NODE_20_length_2131_cov_4.066474	3	0	0	1	11	0.0000	1.0038	0.6667	0.0000	0.3333	0.0000	0.0000	0.0000	0.0000	0.0000	0.0000	0.0000	0.0000	1.0000	0.0000	0.0000	0.0000	1.0000	0.0661	0.2562	0.9666	0.9139	0.8801	0.5912	0.0000	-7.0364	-4.3639	3.8009
NODE_21_length_2084_cov_257.350419	4	0	0	0	11	0.0000	0.6881	0.7500	0.0000	0.2500	0.0000	0.0000	0.0000	0.0000	0.0000	0.0000	0.0000	0.2500	0.0000	0.2500	0.0000	0.0000	0.5000	0.1905	0.0000	0.9623	0.8002	0.8347	0.4423	0.0000	-2.7755	-4.4078	2.7755
NODE_22_length_1773_cov_329.644936	7	0	0	0	11	0.0000	0.9239	0.0000	0.0000	1.0000	0.0000	0.0000	0.0000	0.0000	0.0000	0.0000	0.0000	0.0000	0.0000	0.0000	0.0000	0.0000	0.0000	0.0000	0.0000	0.0000	0.5000	0.5000	0.5000	0.0000	0.0000	0.0000	0.0000
NODE_23_length_1744_cov_4.910598	3	0	0	1	11	0.0000	0.9753	0.6667	0.0000	0.3333	0.0000	0.0000	0.0000	0.0000	0.0000	0.0000	0.0000	0.0000	0.0000	0.3333	0.0000	0.0000	0.3333	0.1357	0.0000	0.9908	0.6844	0.6999	0.4818	0.0000	-1.5481	-2.0848	1.5481
NODE_24_length_1726_cov_136.152005	4	0	0	0	11	0.0000	0.6744	0.5000	0.0000	0.5000	0.0000	0.0000	0.0000	0.0000	0.0000	0.0000	0.0000	0.0000	0.0000	0.2500	0.0000	0.0000	0.2500	0.0000	0.0000	1.0000	0.7025	0.7025	0.5000	0.0000	-1.7183	-1.7183	1.7183
NODE_25_length_1648_cov_10.849969	3	0	0	2	11	0.0000	0.8902	0.6667	0.0000	0.3333	0.0000	0.0000	0.0000	0.0000	0.0000	0.0000	0.0000	0.0000	0.6667	0.0000	0.0000	0.0000	0.6667	0.0248	0.3205	0.9450	0.8247	0.7674	0.5878	0.0000	-5.0442	-2.5153	2.3161
NODE_26_length_1570_cov_4395.965677	3	0	0	0	11	0.0000	0.9879	0.3333	0.0000	0.6667	0.0000	0.0000	0.0000	0.0000	0.0000	0.0000	0.0000	0.0000	0.3333	0.0000	0.0000	0.0000	0.3333	0.0127	0.4984	0.8669	0.6645	0.5907	0.5785	0.0000	-2.9041	-0.7639	0.7124
NODE_27_length_1486_cov_11256.461915	2	0	0	1	11	0.0000	0.9852	0.5000	0.0000	0.5000	0.0000	0.0000	0.0000	0.0000	0.0000	0.0000	0.0000	0.0000	0.5000	0.5000	0.0000	0.0000	1.0000	0.0094	0.2461	0.9650	0.8342	0.7928	0.5682	0.0000	-4.7094	-2.7341	2.6609
NODE_28_length_1486_cov_10796.485674	2	0	0	1	11	0.0000	0.9852	0.5000	0.0000	0.5000	0.0000	0.0000	0.0000	0.0000	0.0000	0.0000	0.0000	0.0000	0.5000	0.5000	0.0000	0.0000	1.0000	0.0094	0.2461	0.9650	0.8342	0.7928	0.5682	0.0000	-4.7094	-2.7341	2.6609
NODE_29_length_1257_cov_1492.813644	4	0	0	0	11	0.0000	1.0072	0.2500	0.0000	0.7500	0.0000	0.0000	0.0000	0.0000	0.0000	0.0000	0.0000	0.0000	0.0000	0.0000	0.0000	0.0000	0.0000	0.0000	0.0000	0.0000	0.5000	0.5000	0.5000	0.0000	0.0000	0.0000	0.0000
NODE_30_length_1193_cov_7.792619	2	0	0	0	11	0.0000	0.9380	0.5000	0.0000	0.5000	0.0000	0.0000	0.0000	0.0000	0.0000	0.0000	0.0000	0.0000	0.0000	0.5000	0.0000	0.0000	0.5000	0.0000	0.0000	1.0000	0.7025	0.7025	0.5000	0.0000	-1.7183	-1.7183	1.7183
NODE_31_length_1158_cov_16051.297371	2	0	0	1	11	0.0000	0.7461	1.0000	0.0000	0.0000	0.0000	0.0000	0.0000	0.0000	0.0000	0.0000	0.0000	0.0000	0.0000	0.5000	0.0000	0.0000	0.5000	0.0000	0.0000	1.0000	0.7025	0.7025	0.5000	0.0000	-1.7183	-1.7183	1.7183
NODE_32_length_1152_cov_3.412033	1	0	0	0	11	0.0000	1.0000	1.0000	0.0000	0.0000	0.0000	0.0000	0.0000	0.0000	0.0000	0.0000	0.0000	0.0000	0.0000	0.0000	0.0000	0.0000	0.0000	0.0000	0.0000	0.0000	0.5000	0.5000	0.5000	0.0000	0.0000	0.0000	0.0000
NODE_33_length_1113_cov_8805.211720	3	0	0	0	11	0.5000	0.9353	0.6667	0.0000	0.3333	0.0000	0.0000	0.0000	0.0000	0.0000	0.0000	0.0000	0.0000	0.0000	0.0000	0.0000	0.0000	0.0000	0.0000	0.0000	0.0000	0.5000	0.5000	0.5000	0.0000	0.0000	0.0000	0.0000
NODE_34_length_1110_cov_10773.561137	2	0	0	0	11	0.0000	0.7459	0.5000	0.0000	0.5000	0.0000	0.0000	0.0000	0.0000	0.0000	0.0000	0.0000	0.0000	0.0000	0.0000	0.0000	0.0000	0.0000	0.0000	0.0000	0.0000	0.5000	0.5000	0.5000	0.0000	0.0000	0.0000	0.0000
NODE_35_length_1100_cov_483.208612	5	0	0	0	11	0.0000	0.8536	0.4000	0.0000	0.6000	0.0000	0.0000	0.0000	0.0000	0.0000	0.0000	0.0000	0.0000	0.0000	0.0000	0.0000	0.0000	0.0000	0.0000	0.0000	0.0000	0.5000	0.5000	0.5000	0.0000	0.0000	0.0000	0.0000
NODE_36_length_1013_cov_9563.459290	2	0	0	0	11	0.0000	0.9803	0.5000	0.0000	0.5000	0.0000	0.0000	0.0000	0.0000	0.0000	0.0000	0.0000	0.0000	0.0000	0.0000	0.0000	0.0000	0.0000	0.0000	0.0000	0.0000	0.5000	0.5000	0.5000	0.0000	0.0000	0.0000	0.0000
NODE_37_length_809_cov_259.371353	1	0	0	0	11	0.0000	0.7936	1.0000	0.0000	0.0000	0.0000	0.0000	0.0000	0.0000	0.0000	0.0000	0.0000	0.0000	0.0000	0.0000	0.0000	0.0000	0.0000	0.0000	0.0000	0.0000	0.5000	0.5000	0.5000	0.0000	0.0000	0.0000	0.0000
NODE_38_length_747_cov_4930.424855	2	0	0	0	11	0.0000	0.7711	0.0000	0.0000	1.0000	0.0000	0.0000	0.0000	0.0000	0.0000	0.0000	0.0000	0.0000	0.0000	0.0000	0.0000	0.0000	0.0000	0.0000	0.0000	0.0000	0.5000	0.5000	0.5000	0.0000	0.0000	0.0000	0.0000
NODE_39_length_661_cov_6.985149	1	0	0	0	11	0.0000	0.9985	1.0000	0.0000	0.0000	0.0000	0.0000	0.0000	0.0000	0.0000	0.0000	0.0000	0.0000	0.0000	1.0000	0.0000	0.0000	1.0000	0.0018	0.0000	1.0000	0.7023	0.7025	0.4998	0.0000	-1.7165	-1.7232	1.7165
NODE_40_length_654_cov_2.998331	2	0	0	1	11	0.0000	1.0229	1.0000	0.0000	0.0000	0.0000	0.0000	0.0000	0.0000	0.0000	0.0000	0.0000	0.0000	0.5000	0.5000	0.0000	0.0000	1.0000	0.0269	0.2894	0.9501	0.8263	0.7763	0.5782	0.0000	-4.8713	-2.6355	2.4216
NODE_41_length_627_cov_1.632867	1	0	0	0	11	0.0000	0.5407	1.0000	0.0000	0.0000	0.0000	0.0000	1.0000	0.0000	0.0000	0.0000	0.0000	0.0000	0.0000	0.0000	1.0000	0.0000	0.0000	0.6665	0.7455	0.0000	0.3837	0.3650	0.5200	0.0000	-0.1601	0.1601	-3.1042
NODE_42_length_613_cov_1.032258	2	0	0	0	11	1.0000	0.9054	1.0000	0.0000	0.0000	0.0000	0.0000	0.0000	0.0000	0.0000	0.0000	0.0000	0.0000	0.0000	0.0000	0.0000	0.0000	0.0000	0.0000	0.0000	0.0000	0.5000	0.5000	0.5000	0.0000	0.0000	0.0000	0.0000
NODE_43_length_524_cov_2.115139	1	0	0	0	11	0.0000	0.7271	0.0000	0.0000	1.0000	0.0000	0.0000	0.0000	0.0000	0.0000	0.0000	0.0000	1.0000	0.0000	0.0000	0.0000	0.0000	1.0000	0.4607	0.0000	0.8876	0.6040	0.6714	0.4274	0.0000	-0.8441	-2.8509	0.8441
NODE_44_length_477_cov_19945.443128	1	0	0	1	11	0.0000	0.9937	1.0000	0.0000	0.0000	0.0000	0.0000	0.0000	0.0000	0.0000	0.0000	0.0000	0.0000	0.0000	1.0000	0.0000	0.0000	1.0000	0.0000	0.0000	1.0000	0.7025	0.7025	0.5000	0.0000	-1.7183	-1.7183	1.7183
NODE_45_length_471_cov_1.384615	1	0	0	0	11	0.0000	0.5732	1.0000	0.0000	0.0000	0.0000	0.0000	0.0000	0.0000	0.0000	0.0000	0.0000	0.0000	0.0000	0.0000	0.0000	0.0000	0.0000	0.0000	0.0000	0.0000	0.5000	0.5000	0.5000	0.0000	0.0000	0.0000	0.0000
NODE_46_length_464_cov_2.014670	2	0	0	0	11	0.0000	0.9763	0.5000	0.0000	0.5000	0.0000	0.0000	0.0000	0.0000	0.0000	0.0000	0.0000	0.0000	0.0000	0.0000	0.0000	0.0000	0.0000	0.0000	0.0000	0.0000	0.5000	0.5000	0.5000	0.0000	0.0000	0.0000	0.0000
NODE_47_length_426_cov_17.660377	1	0	0	0	11	0.0000	0.5282	0.0000	0.0000	1.0000	0.0000	0.0000	0.0000	0.0000	0.0000	0.0000	0.0000	0.0000	0.0000	0.0000	0.0000	0.0000	0.0000	0.0000	0.0000	0.0000	0.5000	0.5000	0.5000	0.0000	0.0000	0.0000	0.0000
NODE_48_length_361_cov_1.882353	1	0	0	0	11	0.0000	0.3823	0.0000	0.0000	0.0000	0.0000	0.0000	0.0000	0.0000	0.0000	0.0000	0.0000	0.0000	0.0000	0.0000	0.0000	0.0000	0.0000	0.0000	0.0000	0.0000	0.5000	0.5000	0.5000	0.0000	0.0000	0.0000	0.0000
NODE_49_length_360_cov_0.944262	1	0	0	0	11	0.0000	0.6333	1.0000	0.0000	0.0000	0.0000	0.0000	0.0000	0.0000	0.0000	0.0000	0.0000	0.0000	0.0000	0.0000	0.0000	0.0000	0.0000	0.0000	0.0000	0.0000	0.5000	0.5000	0.5000	0.0000	0.0000	0.0000	0.0000
NODE_50_length_347_cov_2.113014	1	0	0	0	11	0.0000	0.3977	1.0000	0.0000	0.0000	0.0000	0.0000	0.0000	0.0000	0.0000	0.0000	0.0000	0.0000	0.0000	0.0000	0.0000	0.0000	0.0000	0.0000	0.0000	0.0000	0.5000	0.5000	0.5000	0.0000	0.0000	0.0000	0.0000
NODE_51_length_346_cov_0.982818	1	0	0	0	11	0.0000	0.9884	1.0000	0.0000	0.0000	0.0000	0.0000	0.0000	0.0000	0.0000	0.0000	0.0000	0.0000	0.0000	0.0000	0.0000	0.0000	0.0000	0.0000	0.0000	0.0000	0.5000	0.5000	0.5000	0.0000	0.0000	0.0000	0.0000
NODE_52_length_327_cov_0.753676	0	0	0	0	11	0.0000	0.0000	0.0000	0.0000	0.0000	0.0000	0.0000	0.0000	0.0000	0.0000	0.0000	0.0000	0.0000	0.0000	0.0000	0.0000	0.0000	0.0000	0.0000	0.0000	0.0000	0.5000	0.5000	0.5000	0.0000	0.0000	0.0000	0.0000
NODE_53_length_326_cov_0.749077	1	0	0	0	11	0.0000	0.9939	1.0000	0.0000	0.0000	0.0000	0.0000	0.0000	0.0000	0.0000	0.0000	0.0000	0.0000	0.0000	0.0000	0.0000	0.0000	0.0000	0.0000	0.0000	0.0000	0.5000	0.5000	0.5000	0.0000	0.0000	0.0000	0.0000
NODE_54_length_324_cov_0.669145	1	0	0	0	11	0.0000	0.6389	1.0000	0.0000	0.0000	0.0000	0.0000	0.0000	0.0000	0.0000	0.0000	0.0000	0.0000	0.0000	0.0000	0.0000	0.0000	0.0000	0.0000	0.0000	0.0000	0.5000	0.5000	0.5000	0.0000	0.0000	0.0000	0.0000
NODE_55_length_321_cov_4.312030	2	0	0	0	11	0.0000	0.9907	1.0000	0.0000	0.0000	0.0000	0.0000	0.0000	0.0000	0.0000	0.0000	0.0000	0.0000	0.0000	0.0000	0.0000	0.0000	0.0000	0.0000	0.0000	0.0000	0.5000	0.5000	0.5000	0.0000	0.0000	0.0000	0.0000
NODE_56_length_318_cov_1.022814	1	0	0	0	11	0.0000	0.9906	1.0000	0.0000	0.0000	0.0000	0.0000	0.0000	0.0000	1.0000	0.0000	0.0000	0.0000	0.0000	0.0000	0.0000	1.0000	0.0000	0.4753	0.8798	0.0000	0.4245	0.3307	0.5989	0.0000	-0.8019	0.8019	-2.8771
NODE_57_length_317_cov_0.679389	1	0	0	0	11	0.0000	0.1987	0.0000	0.0000	0.0000	0.0000	0.0000	0.0000	0.0000	0.0000	0.0000	0.0000	0.0000	0.0000	0.0000	0.0000	0.0000	0.0000	0.0000	0.0000	0.0000	0.5000	0.5000	0.5000	0.0000	0.0000	0.0000	0.0000
NODE_58_length_313_cov_0.558140	1	0	0	0	11	0.0000	0.9968	1.0000	0.0000	0.0000	0.0000	0.0000	0.0000	0.0000	0.0000	0.0000	0.0000	0.0000	0.0000	0.0000	0.0000	0.0000	0.0000	0.0000	0.0000	0.0000	0.5000	0.5000	0.5000	0.0000	0.0000	0.0000	0.0000
NODE_59_length_303_cov_0.766129	0	0	0	0	11	0.0000	0.0000	0.0000	0.0000	0.0000	0.0000	0.0000	0.0000	0.0000	0.0000	0.0000	0.0000	0.0000	0.0000	0.0000	0.0000	0.0000	0.0000	0.0000	0.0000	0.0000	0.5000	0.5000	0.5000	0.0000	0.0000	0.0000	0.0000
NODE_60_length_302_cov_0.538462	0	0	0	0	11	0.0000	0.0000	0.0000	0.0000	0.0000	0.0000	0.0000	0.0000	0.0000	0.0000	0.0000	0.0000	0.0000	0.0000	0.0000	0.0000	0.0000	0.0000	0.0000	0.0000	0.0000	0.5000	0.5000	0.5000	0.0000	0.0000	0.0000	0.0000
NODE_61_length_290_cov_0.680851	1	0	0	0	11	0.0000	0.4552	0.0000	0.0000	0.0000	0.0000	0.0000	0.0000	0.0000	0.0000	0.0000	0.0000	0.0000	0.0000	0.0000	0.0000	0.0000	0.0000	0.0000	0.0000	0.0000	0.5000	0.5000	0.5000	0.0000	0.0000	0.0000	0.0000
NODE_62_length_286_cov_0.705628	1	0	0	0	11	0.0000	0.9965	1.0000	0.0000	0.0000	0.0000	0.0000	0.0000	0.0000	0.0000	0.0000	0.0000	0.0000	0.0000	0.0000	0.0000	0.0000	0.0000	0.0000	0.0000	0.0000	0.5000	0.5000	0.5000	0.0000	0.0000	0.0000	0.0000
NODE_63_length_282_cov_0.814978	1	0	0	0	11	0.0000	0.3298	0.0000	0.0000	0.0000	0.0000	0.0000	0.0000	0.0000	0.0000	0.0000	0.0000	0.0000	0.0000	0.0000	0.0000	0.0000	0.0000	0.0000	0.0000	0.0000	0.5000	0.5000	0.5000	0.0000	0.0000	0.0000	0.0000
NODE_64_length_281_cov_0.787611	1	0	0	0	11	0.0000	0.9929	1.0000	0.0000	0.0000	0.0000	0.0000	0.0000	0.0000	0.0000	0.0000	0.0000	0.0000	0.0000	0.0000	0.0000	0.0000	0.0000	0.0000	0.0000	0.0000	0.5000	0.5000	0.5000	0.0000	0.0000	0.0000	0.0000
NODE_65_length_281_cov_0.756637	0	0	0	0	11	0.0000	0.0000	0.0000	0.0000	0.0000	0.0000	0.0000	0.0000	0.0000	0.0000	0.0000	0.0000	0.0000	0.0000	0.0000	0.0000	0.0000	0.0000	0.0000	0.0000	0.0000	0.5000	0.5000	0.5000	0.0000	0.0000	0.0000	0.0000
NODE_66_length_280_cov_0.835556	0	0	0	0	11	0.0000	0.0000	0.0000	0.0000	0.0000	0.0000	0.0000	0.0000	0.0000	0.0000	0.0000	0.0000	0.0000	0.0000	0.0000	0.0000	0.0000	0.0000	0.0000	0.0000	0.0000	0.5000	0.5000	0.5000	0.0000	0.0000	0.0000	0.0000
NODE_67_length_278_cov_0.847534	0	0	0	0	11	0.0000	0.0000	0.0000	0.0000	0.0000	0.0000	0.0000	0.0000	0.0000	0.0000	0.0000	0.0000	0.0000	0.0000	0.0000	0.0000	0.0000	0.0000	0.0000	0.0000	0.0000	0.5000	0.5000	0.5000	0.0000	0.0000	0.0000	0.0000
NODE_68_length_277_cov_0.792793	1	0	0	0	11	0.0000	0.9206	1.0000	0.0000	0.0000	0.0000	0.0000	0.0000	0.0000	0.0000	0.0000	0.0000	0.0000	0.0000	0.0000	0.0000	0.0000	0.0000	0.0000	0.0000	0.0000	0.5000	0.5000	0.5000	0.0000	0.0000	0.0000	0.0000
NODE_69_length_276_cov_0.828054	0	0	0	0	11	0.0000	0.0000	0.0000	0.0000	0.0000	0.0000	0.0000	0.0000	0.0000	0.0000	0.0000	0.0000	0.0000	0.0000	0.0000	0.0000	0.0000	0.0000	0.0000	0.0000	0.0000	0.5000	0.5000	0.5000	0.0000	0.0000	0.0000	0.0000
NODE_70_length_276_cov_0.692308	1	0	0	0	11	0.0000	0.9891	1.0000	0.0000	0.0000	0.0000	0.0000	0.0000	0.0000	0.0000	0.0000	0.0000	0.0000	0.0000	0.0000	0.0000	0.0000	0.0000	0.0000	0.0000	0.0000	0.5000	0.5000	0.5000	0.0000	0.0000	0.0000	0.0000
NODE_71_length_276_cov_0.592760	1	0	0	0	11	0.0000	0.9891	1.0000	0.0000	0.0000	0.0000	0.0000	0.0000	0.0000	0.0000	0.0000	0.0000	0.0000	0.0000	0.0000	0.0000	0.0000	0.0000	0.0000	0.0000	0.0000	0.5000	0.5000	0.5000	0.0000	0.0000	0.0000	0.0000
NODE_72_length_275_cov_0.690909	1	0	0	0	11	0.0000	0.9927	1.0000	0.0000	0.0000	0.0000	0.0000	0.0000	0.0000	0.0000	0.0000	0.0000	0.0000	0.0000	0.0000	0.0000	0.0000	0.0000	0.0000	0.0000	0.0000	0.5000	0.5000	0.5000	0.0000	0.0000	0.0000	0.0000
NODE_73_length_273_cov_1.321101	2	0	0	0	11	0.0000	0.8901	0.5000	0.0000	0.5000	0.0000	0.0000	0.0000	0.0000	0.0000	0.0000	0.0000	0.0000	0.0000	0.0000	0.0000	0.0000	0.0000	0.0000	0.0000	0.0000	0.5000	0.5000	0.5000	0.0000	0.0000	0.0000	0.0000
NODE_74_length_271_cov_0.800926	1	0	0	0	11	0.0000	0.5756	1.0000	0.0000	0.0000	0.0000	0.0000	0.0000	0.0000	0.0000	0.0000	0.0000	0.0000	0.0000	0.0000	0.0000	0.0000	0.0000	0.0000	0.0000	0.0000	0.5000	0.5000	0.5000	0.0000	0.0000	0.0000	0.0000
NODE_75_length_270_cov_1.339535	1	0	0	0	11	0.0000	0.9889	1.0000	0.0000	0.0000	0.0000	0.0000	0.0000	0.0000	0.0000	0.0000	0.0000	0.0000	0.0000	0.0000	0.0000	0.0000	0.0000	0.0000	0.0000	0.0000	0.5000	0.5000	0.5000	0.0000	0.0000	0.0000	0.0000
NODE_76_length_270_cov_0.893023	1	0	0	0	11	0.0000	0.9889	1.0000	0.0000	0.0000	0.0000	0.0000	0.0000	0.0000	1.0000	0.0000	0.0000	0.0000	0.0000	0.0000	0.0000	1.0000	0.0000	0.5861	0.8103	0.0000	0.4017	0.3488	0.5562	0.0000	-0.4516	0.4516	-3.0406
NODE_77_length_270_cov_0.846512	1	0	0	0	11	0.0000	0.9889	1.0000	0.0000	0.0000	0.0000	0.0000	0.0000	0.0000	0.0000	0.0000	0.0000	0.0000	0.0000	0.0000	0.0000	0.0000	0.0000	0.0000	0.0000	0.0000	0.5000	0.5000	0.5000	0.0000	0.0000	0.0000	0.0000
NODE_78_length_270_cov_0.813953	1	0	0	0	11	0.0000	1.0000	1.0000	0.0000	0.0000	0.0000	0.0000	0.0000	0.0000	0.0000	0.0000	0.0000	0.0000	0.0000	0.0000	0.0000	0.0000	0.0000	0.0000	0.0000	0.0000	0.5000	0.5000	0.5000	0.0000	0.0000	0.0000	0.0000
NODE_79_length_267_cov_2.136792	1	0	0	0	11	0.0000	0.8876	0.0000	0.0000	1.0000	0.0000	0.0000	0.0000	0.0000	0.0000	0.0000	0.0000	0.0000	0.0000	0.0000	0.0000	0.0000	0.0000	0.0000	0.0000	0.0000	0.5000	0.5000	0.5000	0.0000	0.0000	0.0000	0.0000
NODE_80_length_267_cov_0.844340	0	0	0	0	11	0.0000	0.0000	0.0000	0.0000	0.0000	0.0000	0.0000	0.0000	0.0000	0.0000	0.0000	0.0000	0.0000	0.0000	0.0000	0.0000	0.0000	0.0000	0.0000	0.0000	0.0000	0.5000	0.5000	0.5000	0.0000	0.0000	0.0000	0.0000
NODE_81_length_267_cov_0.839623	1	0	0	0	11	0.0000	1.0000	1.0000	0.0000	0.0000	0.0000	0.0000	0.0000	0.0000	0.0000	0.0000	0.0000	0.0000	0.0000	0.0000	0.0000	0.0000	0.0000	0.0000	0.0000	0.0000	0.5000	0.5000	0.5000	0.0000	0.0000	0.0000	0.0000
NODE_82_length_267_cov_0.839623	0	0	0	0	11	0.0000	0.0000	0.0000	0.0000	0.0000	0.0000	0.0000	0.0000	0.0000	0.0000	0.0000	0.0000	0.0000	0.0000	0.0000	0.0000	0.0000	0.0000	0.0000	0.0000	0.0000	0.5000	0.5000	0.5000	0.0000	0.0000	0.0000	0.0000
NODE_83_length_267_cov_0.830189	0	0	0	0	11	0.0000	0.0000	0.0000	0.0000	0.0000	0.0000	0.0000	0.0000	0.0000	0.0000	0.0000	0.0000	0.0000	0.0000	0.0000	0.0000	0.0000	0.0000	0.0000	0.0000	0.0000	0.5000	0.5000	0.5000	0.0000	0.0000	0.0000	0.0000
NODE_84_length_266_cov_1.786730	1	0	0	0	11	0.0000	0.9925	1.0000	0.0000	0.0000	0.0000	0.0000	0.0000	0.0000	0.0000	0.0000	0.0000	0.0000	0.0000	0.0000	0.0000	0.0000	0.0000	0.0000	0.0000	0.0000	0.5000	0.5000	0.5000	0.0000	0.0000	0.0000	0.0000
NODE_85_length_266_cov_0.838863	1	0	0	0	11	0.0000	0.9925	1.0000	0.0000	0.0000	0.0000	0.0000	0.0000	0.0000	0.0000	0.0000	0.0000	0.0000	0.0000	0.0000	0.0000	0.0000	0.0000	0.0000	0.0000	0.0000	0.5000	0.5000	0.5000	0.0000	0.0000	0.0000	0.0000
NODE_86_length_266_cov_0.829384	0	0	0	0	11	0.0000	0.0000	0.0000	0.0000	0.0000	0.0000	0.0000	0.0000	0.0000	0.0000	0.0000	0.0000	0.0000	0.0000	0.0000	0.0000	0.0000	0.0000	0.0000	0.0000	0.0000	0.5000	0.5000	0.5000	0.0000	0.0000	0.0000	0.0000
NODE_87_length_265_cov_0.904762	1	0	0	0	11	0.0000	0.9962	1.0000	0.0000	0.0000	0.0000	0.0000	0.0000	0.0000	0.0000	0.0000	0.0000	0.0000	0.0000	0.0000	0.0000	0.0000	0.0000	0.0000	0.0000	0.0000	0.5000	0.5000	0.5000	0.0000	0.0000	0.0000	0.0000
NODE_88_length_265_cov_0.838095	1	0	0	0	11	0.0000	0.8830	1.0000	0.0000	0.0000	0.0000	0.0000	0.0000	0.0000	0.0000	0.0000	0.0000	0.0000	0.0000	0.0000	0.0000	0.0000	0.0000	0.0000	0.0000	0.0000	0.5000	0.5000	0.5000	0.0000	0.0000	0.0000	0.0000
NODE_89_length_264_cov_1.837321	1	0	0	0	11	0.0000	0.9886	1.0000	0.0000	0.0000	0.0000	0.0000	0.0000	0.0000	0.0000	0.0000	0.0000	0.0000	0.0000	0.0000	0.0000	0.0000	0.0000	0.0000	0.0000	0.0000	0.5000	0.5000	0.5000	0.0000	0.0000	0.0000	0.0000
NODE_90_length_264_cov_0.851675	1	0	0	0	11	0.0000	0.5455	1.0000	0.0000	0.0000	0.0000	0.0000	0.0000	0.0000	0.0000	0.0000	0.0000	0.0000	0.0000	0.0000	0.0000	0.0000	0.0000	0.0000	0.0000	0.0000	0.5000	0.5000	0.5000	0.0000	0.0000	0.0000	0.0000
NODE_91_length_264_cov_0.846890	0	0	0	0	11	0.0000	0.0000	0.0000	0.0000	0.0000	0.0000	0.0000	0.0000	0.0000	0.0000	0.0000	0.0000	0.0000	0.0000	0.0000	0.0000	0.0000	0.0000	0.0000	0.0000	0.0000	0.5000	0.5000	0.5000	0.0000	0.0000	0.0000	0.0000
NODE_92_length_264_cov_0.842105	0	0	0	0	11	0.0000	0.0000	0.0000	0.0000	0.0000	0.0000	0.0000	0.0000	0.0000	0.0000	0.0000	0.0000	0.0000	0.0000	0.0000	0.0000	0.0000	0.0000	0.0000	0.0000	0.0000	0.5000	0.5000	0.5000	0.0000	0.0000	0.0000	0.0000
NODE_93_length_264_cov_0.837321	2	0	0	0	11	1.0000	1.0000	1.0000	0.0000	0.0000	0.0000	0.0000	0.0000	0.0000	0.0000	0.0000	0.0000	0.0000	0.0000	0.0000	0.0000	0.0000	0.0000	0.0000	0.0000	0.0000	0.5000	0.5000	0.5000	0.0000	0.0000	0.0000	0.0000
NODE_94_length_264_cov_0.818182	1	0	0	0	11	0.0000	1.0000	1.0000	0.0000	0.0000	0.0000	0.0000	0.0000	0.0000	0.0000	0.0000	0.0000	0.0000	0.0000	0.0000	0.0000	0.0000	0.0000	0.0000	0.0000	0.0000	0.5000	0.5000	0.5000	0.0000	0.0000	0.0000	0.0000
NODE_95_length_263_cov_0.903846	1	0	0	0	11	0.0000	0.9924	1.0000	0.0000	0.0000	0.0000	0.0000	0.0000	0.0000	0.0000	0.0000	0.0000	0.0000	0.0000	0.0000	0.0000	0.0000	0.0000	0.0000	0.0000	0.0000	0.5000	0.5000	0.5000	0.0000	0.0000	0.0000	0.0000
NODE_96_length_263_cov_0.836538	0	0	0	0	11	0.0000	0.0000	0.0000	0.0000	0.0000	0.0000	0.0000	0.0000	0.0000	0.0000	0.0000	0.0000	0.0000	0.0000	0.0000	0.0000	0.0000	0.0000	0.0000	0.0000	0.0000	0.5000	0.5000	0.5000	0.0000	0.0000	0.0000	0.0000
NODE_97_length_263_cov_0.812500	1	0	0	0	11	0.0000	0.9924	1.0000	0.0000	0.0000	0.0000	0.0000	0.0000	0.0000	0.0000	0.0000	0.0000	0.0000	0.0000	0.0000	0.0000	0.0000	0.0000	0.0000	0.0000	0.0000	0.5000	0.5000	0.5000	0.0000	0.0000	0.0000	0.0000
NODE_98_length_262_cov_0.927536	1	0	0	0	11	0.0000	0.9847	1.0000	0.0000	0.0000	0.0000	0.0000	0.0000	0.0000	0.0000	0.0000	0.0000	0.0000	0.0000	0.0000	0.0000	0.0000	0.0000	0.0000	0.0000	0.0000	0.5000	0.5000	0.5000	0.0000	0.0000	0.0000	0.0000
NODE_99_length_262_cov_0.835749	1	0	0	0	11	0.0000	0.9962	1.0000	0.0000	0.0000	0.0000	0.0000	0.0000	0.0000	0.0000	0.0000	0.0000	0.0000	0.0000	0.0000	0.0000	0.0000	0.0000	0.0000	0.0000	0.0000	0.5000	0.5000	0.5000	0.0000	0.0000	0.0000	0.0000
NODE_100_length_262_cov_0.835749	1	0	0	0	11	0.0000	0.5725	1.0000	0.0000	0.0000	0.0000	0.0000	0.0000	0.0000	0.0000	0.0000	0.0000	0.0000	0.0000	0.0000	0.0000	0.0000	0.0000	0.0000	0.0000	0.0000	0.5000	0.5000	0.5000	0.0000	0.0000	0.0000	0.0000
NODE_101_length_262_cov_0.835749	0	0	0	0	11	0.0000	0.0000	0.0000	0.0000	0.0000	0.0000	0.0000	0.0000	0.0000	0.0000	0.0000	0.0000	0.0000	0.0000	0.0000	0.0000	0.0000	0.0000	0.0000	0.0000	0.0000	0.5000	0.5000	0.5000	0.0000	0.0000	0.0000	0.0000
NODE_102_length_262_cov_0.811594	1	0	0	0	11	0.0000	0.5267	0.0000	0.0000	0.0000	0.0000	0.0000	0.0000	0.0000	0.0000	0.0000	0.0000	0.0000	0.0000	0.0000	0.0000	0.0000	0.0000	0.0000	0.0000	0.0000	0.5000	0.5000	0.5000	0.0000	0.0000	0.0000	0.0000
NODE_103_length_262_cov_0.700483	1	0	0	0	11	0.0000	0.9962	1.0000	0.0000	0.0000	0.0000	0.0000	0.0000	0.0000	0.0000	0.0000	0.0000	0.0000	0.0000	0.0000	0.0000	0.0000	0.0000	0.0000	0.0000	0.0000	0.5000	0.5000	0.5000	0.0000	0.0000	0.0000	0.0000
NODE_104_length_261_cov_2.796117	1	0	0	0	11	0.0000	0.9885	1.0000	0.0000	0.0000	0.0000	0.0000	0.0000	0.0000	0.0000	0.0000	0.0000	0.0000	0.0000	0.0000	0.0000	0.0000	0.0000	0.0000	0.0000	0.0000	0.5000	0.5000	0.5000	0.0000	0.0000	0.0000	0.0000
NODE_105_length_261_cov_0.834951	1	0	0	0	11	0.0000	0.9885	1.0000	0.0000	0.0000	0.0000	0.0000	0.0000	0.0000	0.0000	0.0000	0.0000	0.0000	0.0000	0.0000	0.0000	0.0000	0.0000	0.0000	0.0000	0.0000	0.5000	0.5000	0.5000	0.0000	0.0000	0.0000	0.0000
NODE_106_length_261_cov_0.815534	1	0	0	0	11	0.0000	0.9885	1.0000	0.0000	0.0000	0.0000	0.0000	0.0000	0.0000	0.0000	0.0000	0.0000	0.0000	0.0000	0.0000	0.0000	0.0000	0.0000	0.0000	0.0000	0.0000	0.5000	0.5000	0.5000	0.0000	0.0000	0.0000	0.0000
NODE_107_length_261_cov_0.796117	1	0	0	0	11	0.0000	0.3793	1.0000	0.0000	0.0000	0.0000	0.0000	0.0000	0.0000	0.0000	0.0000	0.0000	0.0000	0.0000	0.0000	0.0000	0.0000	0.0000	0.0000	0.0000	0.0000	0.5000	0.5000	0.5000	0.0000	0.0000	0.0000	0.0000
NODE_108_length_260_cov_0.834146	1	0	0	0	11	0.0000	0.7731	1.0000	0.0000	0.0000	0.0000	0.0000	0.0000	0.0000	0.0000	0.0000	0.0000	0.0000	0.0000	0.0000	0.0000	0.0000	0.0000	0.0000	0.0000	0.0000	0.5000	0.5000	0.5000	0.0000	0.0000	0.0000	0.0000
NODE_109_length_260_cov_0.765854	0	0	0	0	11	0.0000	0.0000	0.0000	0.0000	0.0000	0.0000	0.0000	0.0000	0.0000	0.0000	0.0000	0.0000	0.0000	0.0000	0.0000	0.0000	0.0000	0.0000	0.0000	0.0000	0.0000	0.5000	0.5000	0.5000	0.0000	0.0000	0.0000	0.0000
NODE_110_length_259_cov_0.843137	1	0	0	0	11	0.0000	0.6486	1.0000	0.0000	0.0000	0.0000	0.0000	0.0000	0.0000	0.0000	0.0000	0.0000	0.0000	0.0000	0.0000	0.0000	0.0000	0.0000	0.0000	0.0000	0.0000	0.5000	0.5000	0.5000	0.0000	0.0000	0.0000	0.0000
NODE_111_length_259_cov_0.833333	1	0	0	0	11	0.0000	0.9961	1.0000	0.0000	0.0000	0.0000	0.0000	0.0000	0.0000	0.0000	0.0000	0.0000	0.0000	0.0000	0.0000	0.0000	0.0000	0.0000	0.0000	0.0000	0.0000	0.5000	0.5000	0.5000	0.0000	0.0000	0.0000	0.0000
NODE_112_length_259_cov_0.833333	1	0	0	0	11	0.0000	0.9961	1.0000	0.0000	0.0000	0.0000	0.0000	0.0000	0.0000	0.0000	0.0000	0.0000	0.0000	0.0000	0.0000	0.0000	0.0000	0.0000	0.0000	0.0000	0.0000	0.5000	0.5000	0.5000	0.0000	0.0000	0.0000	0.0000
NODE_113_length_259_cov_0.833333	1	0	0	0	11	0.0000	0.9961	1.0000	0.0000	0.0000	0.0000	0.0000	0.0000	0.0000	0.0000	0.0000	0.0000	0.0000	0.0000	0.0000	0.0000	0.0000	0.0000	0.0000	0.0000	0.0000	0.5000	0.5000	0.5000	0.0000	0.0000	0.0000	0.0000
NODE_114_length_259_cov_0.696078	1	0	0	0	11	0.0000	0.7761	1.0000	0.0000	0.0000	0.0000	0.0000	0.0000	0.0000	0.0000	0.0000	0.0000	0.0000	0.0000	0.0000	0.0000	0.0000	0.0000	0.0000	0.0000	0.0000	0.5000	0.5000	0.5000	0.0000	0.0000	0.0000	0.0000
NODE_115_length_258_cov_0.842365	1	0	0	0	11	0.0000	0.9884	1.0000	0.0000	0.0000	0.0000	0.0000	0.0000	0.0000	0.0000	0.0000	0.0000	0.0000	0.0000	0.0000	0.0000	0.0000	0.0000	0.0000	0.0000	0.0000	0.5000	0.5000	0.5000	0.0000	0.0000	0.0000	0.0000
NODE_116_length_258_cov_0.832512	1	0	0	0	11	0.0000	0.9884	1.0000	0.0000	0.0000	0.0000	0.0000	0.0000	0.0000	0.0000	0.0000	0.0000	0.0000	0.0000	0.0000	0.0000	0.0000	0.0000	0.0000	0.0000	0.0000	0.5000	0.5000	0.5000	0.0000	0.0000	0.0000	0.0000
NODE_117_length_258_cov_0.832512	1	0	0	0	11	0.0000	0.9767	1.0000	0.0000	0.0000	0.0000	0.0000	0.0000	0.0000	0.0000	0.0000	0.0000	0.0000	0.0000	0.0000	0.0000	0.0000	0.0000	0.0000	0.0000	0.0000	0.5000	0.5000	0.5000	0.0000	0.0000	0.0000	0.0000
NODE_118_length_258_cov_0.822660	0	0	0	0	11	0.0000	0.0000	0.0000	0.0000	0.0000	0.0000	0.0000	0.0000	0.0000	0.0000	0.0000	0.0000	0.0000	0.0000	0.0000	0.0000	0.0000	0.0000	0.0000	0.0000	0.0000	0.5000	0.5000	0.5000	0.0000	0.0000	0.0000	0.0000
NODE_119_length_258_cov_0.748768	1	0	0	0	11	0.0000	1.0000	1.0000	0.0000	0.0000	0.0000	0.0000	0.0000	0.0000	0.0000	0.0000	0.0000	0.0000	0.0000	0.0000	0.0000	0.0000	0.0000	0.0000	0.0000	0.0000	0.5000	0.5000	0.5000	0.0000	0.0000	0.0000	0.0000
NODE_120_length_257_cov_0.905941	0	0	0	0	11	0.0000	0.0000	0.0000	0.0000	0.0000	0.0000	0.0000	0.0000	0.0000	0.0000	0.0000	0.0000	0.0000	0.0000	0.0000	0.0000	0.0000	0.0000	0.0000	0.0000	0.0000	0.5000	0.5000	0.5000	0.0000	0.0000	0.0000	0.0000
NODE_121_length_257_cov_0.831683	0	0	0	0	11	0.0000	0.0000	0.0000	0.0000	0.0000	0.0000	0.0000	0.0000	0.0000	0.0000	0.0000	0.0000	0.0000	0.0000	0.0000	0.0000	0.0000	0.0000	0.0000	0.0000	0.0000	0.5000	0.5000	0.5000	0.0000	0.0000	0.0000	0.0000
NODE_122_length_257_cov_0.831683	1	0	0	0	11	0.0000	0.9922	1.0000	0.0000	0.0000	0.0000	0.0000	0.0000	0.0000	0.0000	0.0000	0.0000	0.0000	0.0000	0.0000	0.0000	0.0000	0.0000	0.0000	0.0000	0.0000	0.5000	0.5000	0.5000	0.0000	0.0000	0.0000	0.0000
NODE_123_length_257_cov_0.801980	1	0	0	0	11	0.0000	0.9922	1.0000	0.0000	0.0000	0.0000	0.0000	0.0000	0.0000	0.0000	0.0000	0.0000	0.0000	0.0000	0.0000	0.0000	0.0000	0.0000	0.0000	0.0000	0.0000	0.5000	0.5000	0.5000	0.0000	0.0000	0.0000	0.0000
NODE_124_length_257_cov_0.727723	1	0	0	0	11	0.0000	0.9922	1.0000	0.0000	0.0000	0.0000	0.0000	0.0000	0.0000	0.0000	0.0000	0.0000	0.0000	0.0000	0.0000	0.0000	0.0000	0.0000	0.0000	0.0000	0.0000	0.5000	0.5000	0.5000	0.0000	0.0000	0.0000	0.0000
NODE_125_length_256_cov_0.830846	0	0	0	0	11	0.0000	0.0000	0.0000	0.0000	0.0000	0.0000	0.0000	0.0000	0.0000	0.0000	0.0000	0.0000	0.0000	0.0000	0.0000	0.0000	0.0000	0.0000	0.0000	0.0000	0.0000	0.5000	0.5000	0.5000	0.0000	0.0000	0.0000	0.0000
NODE_126_length_255_cov_0.830000	1	0	0	0	11	0.0000	0.9882	1.0000	0.0000	0.0000	0.0000	0.0000	0.0000	0.0000	0.0000	0.0000	0.0000	0.0000	0.0000	0.0000	0.0000	0.0000	0.0000	0.0000	0.0000	0.0000	0.5000	0.5000	0.5000	0.0000	0.0000	0.0000	0.0000
NODE_127_length_255_cov_0.830000	1	0	0	0	11	0.0000	0.9882	1.0000	0.0000	0.0000	0.0000	0.0000	0.0000	0.0000	0.0000	0.0000	0.0000	0.0000	0.0000	0.0000	0.0000	0.0000	0.0000	0.0000	0.0000	0.0000	0.5000	0.5000	0.5000	0.0000	0.0000	0.0000	0.0000
NODE_128_length_255_cov_0.830000	1	0	0	0	11	0.0000	0.9882	1.0000	0.0000	0.0000	0.0000	0.0000	0.0000	0.0000	0.0000	0.0000	0.0000	0.0000	0.0000	0.0000	0.0000	0.0000	0.0000	0.0000	0.0000	0.0000	0.5000	0.5000	0.5000	0.0000	0.0000	0.0000	0.0000
NODE_129_length_255_cov_0.695000	1	0	0	0	11	0.0000	0.9882	1.0000	0.0000	0.0000	0.0000	0.0000	0.0000	0.0000	0.0000	0.0000	0.0000	0.0000	0.0000	0.0000	0.0000	0.0000	0.0000	0.0000	0.0000	0.0000	0.5000	0.5000	0.5000	0.0000	0.0000	0.0000	0.0000
NODE_130_length_255_cov_0.675000	0	0	0	0	11	0.0000	0.0000	0.0000	0.0000	0.0000	0.0000	0.0000	0.0000	0.0000	0.0000	0.0000	0.0000	0.0000	0.0000	0.0000	0.0000	0.0000	0.0000	0.0000	0.0000	0.0000	0.5000	0.5000	0.5000	0.0000	0.0000	0.0000	0.0000
NODE_131_length_254_cov_0.889447	0	0	0	0	11	0.0000	0.0000	0.0000	0.0000	0.0000	0.0000	0.0000	0.0000	0.0000	0.0000	0.0000	0.0000	0.0000	0.0000	0.0000	0.0000	0.0000	0.0000	0.0000	0.0000	0.0000	0.5000	0.5000	0.5000	0.0000	0.0000	0.0000	0.0000
NODE_132_length_254_cov_0.844221	2	0	0	0	11	1.0000	1.1811	1.0000	0.0000	0.0000	0.0000	0.0000	0.0000	0.0000	0.0000	0.0000	0.0000	0.0000	0.0000	0.0000	0.0000	0.0000	0.0000	0.0000	0.0000	0.0000	0.5000	0.5000	0.5000	0.0000	0.0000	0.0000	0.0000
NODE_133_length_254_cov_0.839196	0	0	0	0	11	0.0000	0.0000	0.0000	0.0000	0.0000	0.0000	0.0000	0.0000	0.0000	0.0000	0.0000	0.0000	0.0000	0.0000	0.0000	0.0000	0.0000	0.0000	0.0000	0.0000	0.0000	0.5000	0.5000	0.5000	0.0000	0.0000	0.0000	0.0000
NODE_134_length_254_cov_0.809045	0	0	0	0	11	0.0000	0.0000	0.0000	0.0000	0.0000	0.0000	0.0000	0.0000	0.0000	0.0000	0.0000	0.0000	0.0000	0.0000	0.0000	0.0000	0.0000	0.0000	0.0000	0.0000	0.0000	0.5000	0.5000	0.5000	0.0000	0.0000	0.0000	0.0000
NODE_135_length_253_cov_0.893939	1	0	0	0	11	0.0000	0.9960	1.0000	0.0000	0.0000	0.0000	0.0000	0.0000	0.0000	0.0000	0.0000	0.0000	0.0000	0.0000	0.0000	0.0000	0.0000	0.0000	0.0000	0.0000	0.0000	0.5000	0.5000	0.5000	0.0000	0.0000	0.0000	0.0000
NODE_136_length_253_cov_0.888889	0	0	0	0	11	0.0000	0.0000	0.0000	0.0000	0.0000	0.0000	0.0000	0.0000	0.0000	0.0000	0.0000	0.0000	0.0000	0.0000	0.0000	0.0000	0.0000	0.0000	0.0000	0.0000	0.0000	0.5000	0.5000	0.5000	0.0000	0.0000	0.0000	0.0000
NODE_137_length_253_cov_0.838384	0	0	0	0	11	0.0000	0.0000	0.0000	0.0000	0.0000	0.0000	0.0000	0.0000	0.0000	0.0000	0.0000	0.0000	0.0000	0.0000	0.0000	0.0000	0.0000	0.0000	0.0000	0.0000	0.0000	0.5000	0.5000	0.5000	0.0000	0.0000	0.0000	0.0000
NODE_138_length_253_cov_0.833333	1	0	0	0	11	0.0000	0.9960	1.0000	0.0000	0.0000	0.0000	0.0000	0.0000	0.0000	0.0000	0.0000	0.0000	0.0000	0.0000	0.0000	0.0000	0.0000	0.0000	0.0000	0.0000	0.0000	0.5000	0.5000	0.5000	0.0000	0.0000	0.0000	0.0000
NODE_139_length_253_cov_0.833333	0	0	0	0	11	0.0000	0.0000	0.0000	0.0000	0.0000	0.0000	0.0000	0.0000	0.0000	0.0000	0.0000	0.0000	0.0000	0.0000	0.0000	0.0000	0.0000	0.0000	0.0000	0.0000	0.0000	0.5000	0.5000	0.5000	0.0000	0.0000	0.0000	0.0000
NODE_140_length_253_cov_0.828283	1	0	0	0	11	0.0000	0.9842	1.0000	0.0000	0.0000	0.0000	0.0000	0.0000	0.0000	0.0000	0.0000	0.0000	0.0000	0.0000	0.0000	0.0000	0.0000	0.0000	0.0000	0.0000	0.0000	0.5000	0.5000	0.5000	0.0000	0.0000	0.0000	0.0000
NODE_141_length_253_cov_0.813131	1	0	0	0	11	0.0000	0.9960	1.0000	0.0000	0.0000	0.0000	0.0000	0.0000	0.0000	0.0000	0.0000	0.0000	0.0000	0.0000	0.0000	0.0000	0.0000	0.0000	0.0000	0.0000	0.0000	0.5000	0.5000	0.5000	0.0000	0.0000	0.0000	0.0000
NODE_142_length_253_cov_0.656566	1	0	0	0	11	0.0000	0.9842	1.0000	0.0000	0.0000	0.0000	0.0000	0.0000	0.0000	0.0000	0.0000	0.0000	0.0000	0.0000	0.0000	0.0000	0.0000	0.0000	0.0000	0.0000	0.0000	0.5000	0.5000	0.5000	0.0000	0.0000	0.0000	0.0000
NODE_143_length_252_cov_0.837563	0	0	0	0	11	0.0000	0.0000	0.0000	0.0000	0.0000	0.0000	0.0000	0.0000	0.0000	0.0000	0.0000	0.0000	0.0000	0.0000	0.0000	0.0000	0.0000	0.0000	0.0000	0.0000	0.0000	0.5000	0.5000	0.5000	0.0000	0.0000	0.0000	0.0000
NODE_144_length_252_cov_0.827411	0	0	0	0	11	0.0000	0.0000	0.0000	0.0000	0.0000	0.0000	0.0000	0.0000	0.0000	0.0000	0.0000	0.0000	0.0000	0.0000	0.0000	0.0000	0.0000	0.0000	0.0000	0.0000	0.0000	0.5000	0.5000	0.5000	0.0000	0.0000	0.0000	0.0000
NODE_145_length_252_cov_0.822335	0	0	0	0	11	0.0000	0.0000	0.0000	0.0000	0.0000	0.0000	0.0000	0.0000	0.0000	0.0000	0.0000	0.0000	0.0000	0.0000	0.0000	0.0000	0.0000	0.0000	0.0000	0.0000	0.0000	0.5000	0.5000	0.5000	0.0000	0.0000	0.0000	0.0000
NODE_146_length_252_cov_0.817259	0	0	0	0	11	0.0000	0.0000	0.0000	0.0000	0.0000	0.0000	0.0000	0.0000	0.0000	0.0000	0.0000	0.0000	0.0000	0.0000	0.0000	0.0000	0.0000	0.0000	0.0000	0.0000	0.0000	0.5000	0.5000	0.5000	0.0000	0.0000	0.0000	0.0000
NODE_147_length_251_cov_0.831633	1	0	0	0	11	0.0000	0.9920	1.0000	0.0000	0.0000	0.0000	0.0000	0.0000	0.0000	0.0000	0.0000	0.0000	0.0000	0.0000	0.0000	0.0000	0.0000	0.0000	0.0000	0.0000	0.0000	0.5000	0.5000	0.5000	0.0000	0.0000	0.0000	0.0000
NODE_148_length_251_cov_0.826531	1	0	0	0	11	0.0000	0.9920	1.0000	0.0000	0.0000	0.0000	0.0000	0.0000	0.0000	0.0000	0.0000	0.0000	0.0000	0.0000	0.0000	0.0000	0.0000	0.0000	0.0000	0.0000	0.0000	0.5000	0.5000	0.5000	0.0000	0.0000	0.0000	0.0000
NODE_149_length_250_cov_0.825641	0	0	0	0	11	0.0000	0.0000	0.0000	0.0000	0.0000	0.0000	0.0000	0.0000	0.0000	0.0000	0.0000	0.0000	0.0000	0.0000	0.0000	0.0000	0.0000	0.0000	0.0000	0.0000	0.0000	0.5000	0.5000	0.5000	0.0000	0.0000	0.0000	0.0000
NODE_150_length_250_cov_0.825641	1	0	0	0	11	0.0000	0.9960	1.0000	0.0000	0.0000	0.0000	0.0000	0.0000	0.0000	0.0000	0.0000	0.0000	0.0000	0.0000	0.0000	0.0000	0.0000	0.0000	0.0000	0.0000	0.0000	0.5000	0.5000	0.5000	0.0000	0.0000	0.0000	0.0000
NODE_151_length_249_cov_0.855670	1	0	0	0	11	0.0000	1.0000	1.0000	0.0000	0.0000	0.0000	0.0000	0.0000	0.0000	0.0000	0.0000	0.0000	0.0000	0.0000	0.0000	0.0000	0.0000	0.0000	0.0000	0.0000	0.0000	0.5000	0.5000	0.5000	0.0000	0.0000	0.0000	0.0000
NODE_152_length_249_cov_0.824742	1	0	0	0	11	0.0000	0.9036	1.0000	0.0000	0.0000	0.0000	0.0000	0.0000	0.0000	0.0000	0.0000	0.0000	0.0000	0.0000	0.0000	0.0000	0.0000	0.0000	0.0000	0.0000	0.0000	0.5000	0.5000	0.5000	0.0000	0.0000	0.0000	0.0000
NODE_153_length_249_cov_0.768041	1	0	0	0	11	0.0000	0.9880	1.0000	0.0000	0.0000	0.0000	0.0000	0.0000	0.0000	0.0000	0.0000	0.0000	0.0000	0.0000	0.0000	0.0000	0.0000	0.0000	0.0000	0.0000	0.0000	0.5000	0.5000	0.5000	0.0000	0.0000	0.0000	0.0000
NODE_154_length_249_cov_0.634021	1	0	0	0	11	0.0000	1.0000	1.0000	0.0000	0.0000	0.0000	0.0000	0.0000	0.0000	0.0000	0.0000	0.0000	0.0000	0.0000	0.0000	0.0000	0.0000	0.0000	0.0000	0.0000	0.0000	0.5000	0.5000	0.5000	0.0000	0.0000	0.0000	0.0000
NODE_155_length_248_cov_0.844560	0	0	0	0	11	0.0000	0.0000	0.0000	0.0000	0.0000	0.0000	0.0000	0.0000	0.0000	0.0000	0.0000	0.0000	0.0000	0.0000	0.0000	0.0000	0.0000	0.0000	0.0000	0.0000	0.0000	0.5000	0.5000	0.5000	0.0000	0.0000	0.0000	0.0000
NODE_156_length_248_cov_0.839378	0	0	0	0	11	0.0000	0.0000	0.0000	0.0000	0.0000	0.0000	0.0000	0.0000	0.0000	0.0000	0.0000	0.0000	0.0000	0.0000	0.0000	0.0000	0.0000	0.0000	0.0000	0.0000	0.0000	0.5000	0.5000	0.5000	0.0000	0.0000	0.0000	0.0000
NODE_157_length_248_cov_0.834197	1	0	0	0	11	0.0000	0.9919	1.0000	0.0000	0.0000	0.0000	0.0000	0.0000	0.0000	0.0000	0.0000	0.0000	0.0000	0.0000	0.0000	0.0000	0.0000	0.0000	0.0000	0.0000	0.0000	0.5000	0.5000	0.5000	0.0000	0.0000	0.0000	0.0000
NODE_158_length_248_cov_0.829016	1	0	0	0	11	0.0000	0.9435	1.0000	0.0000	0.0000	0.0000	0.0000	0.0000	0.0000	0.0000	0.0000	0.0000	0.0000	0.0000	0.0000	0.0000	0.0000	0.0000	0.0000	0.0000	0.0000	0.5000	0.5000	0.5000	0.0000	0.0000	0.0000	0.0000
NODE_159_length_248_cov_0.823834	1	0	0	0	11	0.0000	0.4355	0.0000	0.0000	0.0000	0.0000	0.0000	0.0000	0.0000	0.0000	0.0000	0.0000	0.0000	0.0000	0.0000	0.0000	0.0000	0.0000	0.0000	0.0000	0.0000	0.5000	0.5000	0.5000	0.0000	0.0000	0.0000	0.0000
NODE_160_length_248_cov_0.803109	0	0	0	0	11	0.0000	0.0000	0.0000	0.0000	0.0000	0.0000	0.0000	0.0000	0.0000	0.0000	0.0000	0.0000	0.0000	0.0000	0.0000	0.0000	0.0000	0.0000	0.0000	0.0000	0.0000	0.5000	0.5000	0.5000	0.0000	0.0000	0.0000	0.0000
NODE_161_length_248_cov_0.792746	1	0	0	0	11	0.0000	0.8710	0.0000	0.0000	0.0000	0.0000	0.0000	0.0000	0.0000	0.0000	0.0000	0.0000	0.0000	0.0000	0.0000	0.0000	0.0000	0.0000	0.0000	0.0000	0.0000	0.5000	0.5000	0.5000	0.0000	0.0000	0.0000	0.0000
NODE_162_length_247_cov_0.994792	1	0	0	0	11	0.0000	0.3765	0.0000	0.0000	1.0000	0.0000	0.0000	0.0000	0.0000	0.0000	0.0000	0.0000	0.0000	0.0000	0.0000	0.0000	0.0000	0.0000	0.0000	0.0000	0.0000	0.5000	0.5000	0.5000	0.0000	0.0000	0.0000	0.0000
NODE_163_length_247_cov_0.843750	1	0	0	0	11	0.0000	0.9960	1.0000	0.0000	0.0000	0.0000	0.0000	0.0000	0.0000	0.0000	0.0000	0.0000	0.0000	0.0000	0.0000	0.0000	0.0000	0.0000	0.0000	0.0000	0.0000	0.5000	0.5000	0.5000	0.0000	0.0000	0.0000	0.0000
NODE_164_length_246_cov_0.837696	0	0	0	0	11	0.0000	0.0000	0.0000	0.0000	0.0000	0.0000	0.0000	0.0000	0.0000	0.0000	0.0000	0.0000	0.0000	0.0000	0.0000	0.0000	0.0000	0.0000	0.0000	0.0000	0.0000	0.5000	0.5000	0.5000	0.0000	0.0000	0.0000	0.0000
NODE_165_length_246_cov_0.821990	2	0	0	0	11	0.0000	0.7073	0.5000	0.0000	0.5000	0.0000	0.0000	0.0000	0.0000	0.0000	0.0000	0.0000	0.0000	0.0000	0.0000	0.0000	0.0000	0.0000	0.0000	0.0000	0.0000	0.5000	0.5000	0.5000	0.0000	0.0000	0.0000	0.0000
NODE_166_length_246_cov_0.821990	0	0	0	0	11	0.0000	0.0000	0.0000	0.0000	0.0000	0.0000	0.0000	0.0000	0.0000	0.0000	0.0000	0.0000	0.0000	0.0000	0.0000	0.0000	0.0000	0.0000	0.0000	0.0000	0.0000	0.5000	0.5000	0.5000	0.0000	0.0000	0.0000	0.0000
NODE_167_length_246_cov_0.821990	0	0	0	0	11	0.0000	0.0000	0.0000	0.0000	0.0000	0.0000	0.0000	0.0000	0.0000	0.0000	0.0000	0.0000	0.0000	0.0000	0.0000	0.0000	0.0000	0.0000	0.0000	0.0000	0.0000	0.5000	0.5000	0.5000	0.0000	0.0000	0.0000	0.0000
NODE_168_length_245_cov_0.826316	1	0	0	0	11	0.0000	0.9918	1.0000	0.0000	0.0000	0.0000	0.0000	0.0000	0.0000	0.0000	0.0000	0.0000	0.0000	0.0000	0.0000	0.0000	0.0000	0.0000	0.0000	0.0000	0.0000	0.5000	0.5000	0.5000	0.0000	0.0000	0.0000	0.0000
NODE_169_length_245_cov_0.826316	0	0	0	0	11	0.0000	0.0000	0.0000	0.0000	0.0000	0.0000	0.0000	0.0000	0.0000	0.0000	0.0000	0.0000	0.0000	0.0000	0.0000	0.0000	0.0000	0.0000	0.0000	0.0000	0.0000	0.5000	0.5000	0.5000	0.0000	0.0000	0.0000	0.0000
NODE_170_length_245_cov_0.821053	1	0	0	0	11	0.0000	0.2571	1.0000	0.0000	0.0000	0.0000	0.0000	0.0000	0.0000	0.0000	0.0000	0.0000	0.0000	0.0000	0.0000	0.0000	0.0000	0.0000	0.0000	0.0000	0.0000	0.5000	0.5000	0.5000	0.0000	0.0000	0.0000	0.0000
NODE_171_length_245_cov_0.815789	1	0	0	0	11	0.0000	0.9918	1.0000	0.0000	0.0000	0.0000	0.0000	0.0000	0.0000	0.0000	0.0000	0.0000	0.0000	0.0000	0.0000	0.0000	0.0000	0.0000	0.0000	0.0000	0.0000	0.5000	0.5000	0.5000	0.0000	0.0000	0.0000	0.0000
NODE_172_length_245_cov_0.810526	0	0	0	0	11	0.0000	0.0000	0.0000	0.0000	0.0000	0.0000	0.0000	0.0000	0.0000	0.0000	0.0000	0.0000	0.0000	0.0000	0.0000	0.0000	0.0000	0.0000	0.0000	0.0000	0.0000	0.5000	0.5000	0.5000	0.0000	0.0000	0.0000	0.0000
NODE_173_length_245_cov_0.726316	1	0	0	0	11	0.0000	0.9918	1.0000	0.0000	0.0000	0.0000	0.0000	0.0000	0.0000	0.0000	0.0000	0.0000	0.0000	0.0000	0.0000	0.0000	0.0000	0.0000	0.0000	0.0000	0.0000	0.5000	0.5000	0.5000	0.0000	0.0000	0.0000	0.0000
NODE_174_length_245_cov_0.642105	1	0	0	0	11	0.0000	0.9918	1.0000	0.0000	0.0000	0.0000	0.0000	0.0000	0.0000	0.0000	0.0000	0.0000	0.0000	0.0000	0.0000	0.0000	0.0000	0.0000	0.0000	0.0000	0.0000	0.5000	0.5000	0.5000	0.0000	0.0000	0.0000	0.0000
NODE_175_length_244_cov_0.862434	1	0	0	0	11	0.0000	0.9959	1.0000	0.0000	0.0000	0.0000	0.0000	0.0000	0.0000	0.0000	0.0000	0.0000	0.0000	0.0000	0.0000	0.0000	0.0000	0.0000	0.0000	0.0000	0.0000	0.5000	0.5000	0.5000	0.0000	0.0000	0.0000	0.0000
NODE_176_length_244_cov_0.825397	1	0	0	0	11	0.0000	0.9836	1.0000	0.0000	0.0000	0.0000	0.0000	0.0000	0.0000	0.0000	0.0000	0.0000	0.0000	0.0000	0.0000	0.0000	0.0000	0.0000	0.0000	0.0000	0.0000	0.5000	0.5000	0.5000	0.0000	0.0000	0.0000	0.0000
NODE_177_length_244_cov_0.820106	0	0	0	0	11	0.0000	0.0000	0.0000	0.0000	0.0000	0.0000	0.0000	0.0000	0.0000	0.0000	0.0000	0.0000	0.0000	0.0000	0.0000	0.0000	0.0000	0.0000	0.0000	0.0000	0.0000	0.5000	0.5000	0.5000	0.0000	0.0000	0.0000	0.0000
NODE_178_length_244_cov_0.820106	0	0	0	0	11	0.0000	0.0000	0.0000	0.0000	0.0000	0.0000	0.0000	0.0000	0.0000	0.0000	0.0000	0.0000	0.0000	0.0000	0.0000	0.0000	0.0000	0.0000	0.0000	0.0000	0.0000	0.5000	0.5000	0.5000	0.0000	0.0000	0.0000	0.0000
NODE_179_length_243_cov_3.212766	1	0	0	0	11	0.0000	0.7160	1.0000	0.0000	0.0000	0.0000	0.0000	0.0000	0.0000	0.0000	0.0000	0.0000	0.0000	0.0000	0.0000	0.0000	0.0000	0.0000	0.0000	0.0000	0.0000	0.5000	0.5000	0.5000	0.0000	0.0000	0.0000	0.0000
NODE_180_length_243_cov_2.553191	2	0	0	0	11	0.0000	1.0000	0.5000	0.0000	0.5000	0.0000	0.0000	0.0000	0.0000	0.0000	0.0000	0.0000	0.0000	0.0000	0.0000	0.0000	0.0000	0.0000	0.0000	0.0000	0.0000	0.5000	0.5000	0.5000	0.0000	0.0000	0.0000	0.0000
NODE_181_length_243_cov_0.893617	1	0	0	0	11	0.0000	0.9877	1.0000	0.0000	0.0000	0.0000	0.0000	0.0000	0.0000	0.0000	0.0000	0.0000	0.0000	0.0000	0.0000	0.0000	0.0000	0.0000	0.0000	0.0000	0.0000	0.5000	0.5000	0.5000	0.0000	0.0000	0.0000	0.0000
NODE_182_length_243_cov_0.835106	0	0	0	0	11	0.0000	0.0000	0.0000	0.0000	0.0000	0.0000	0.0000	0.0000	0.0000	0.0000	0.0000	0.0000	0.0000	0.0000	0.0000	0.0000	0.0000	0.0000	0.0000	0.0000	0.0000	0.5000	0.5000	0.5000	0.0000	0.0000	0.0000	0.0000
NODE_183_length_243_cov_0.829787	1	0	0	0	11	0.0000	0.7037	1.0000	0.0000	0.0000	0.0000	0.0000	0.0000	0.0000	0.0000	0.0000	0.0000	0.0000	0.0000	0.0000	0.0000	0.0000	0.0000	0.0000	0.0000	0.0000	0.5000	0.5000	0.5000	0.0000	0.0000	0.0000	0.0000
NODE_184_length_243_cov_0.819149	0	0	0	0	11	0.0000	0.0000	0.0000	0.0000	0.0000	0.0000	0.0000	0.0000	0.0000	0.0000	0.0000	0.0000	0.0000	0.0000	0.0000	0.0000	0.0000	0.0000	0.0000	0.0000	0.0000	0.5000	0.5000	0.5000	0.0000	0.0000	0.0000	0.0000
NODE_185_length_243_cov_0.819149	1	0	0	0	11	0.0000	0.9877	1.0000	0.0000	0.0000	0.0000	0.0000	0.0000	0.0000	0.0000	0.0000	0.0000	0.0000	0.0000	0.0000	0.0000	0.0000	0.0000	0.0000	0.0000	0.0000	0.5000	0.5000	0.5000	0.0000	0.0000	0.0000	0.0000
NODE_186_length_242_cov_1.540107	1	0	0	0	11	0.0000	0.9917	1.0000	0.0000	0.0000	0.0000	0.0000	0.0000	0.0000	0.0000	0.0000	0.0000	0.0000	0.0000	0.0000	0.0000	0.0000	0.0000	0.0000	0.0000	0.0000	0.5000	0.5000	0.5000	0.0000	0.0000	0.0000	0.0000
NODE_187_length_242_cov_0.823529	0	0	0	0	11	0.0000	0.0000	0.0000	0.0000	0.0000	0.0000	0.0000	0.0000	0.0000	0.0000	0.0000	0.0000	0.0000	0.0000	0.0000	0.0000	0.0000	0.0000	0.0000	0.0000	0.0000	0.5000	0.5000	0.5000	0.0000	0.0000	0.0000	0.0000
NODE_188_length_241_cov_0.860215	1	0	0	0	11	0.0000	0.9959	1.0000	0.0000	0.0000	0.0000	0.0000	0.0000	0.0000	0.0000	0.0000	0.0000	0.0000	0.0000	0.0000	0.0000	0.0000	0.0000	0.0000	0.0000	0.0000	0.5000	0.5000	0.5000	0.0000	0.0000	0.0000	0.0000
NODE_189_length_241_cov_0.838710	1	0	0	0	11	0.0000	0.5851	1.0000	0.0000	0.0000	0.0000	0.0000	0.0000	0.0000	0.0000	0.0000	0.0000	0.0000	0.0000	0.0000	0.0000	0.0000	0.0000	0.0000	0.0000	0.0000	0.5000	0.5000	0.5000	0.0000	0.0000	0.0000	0.0000
NODE_190_length_241_cov_0.833333	1	0	0	0	11	0.0000	0.9959	1.0000	0.0000	0.0000	0.0000	0.0000	0.0000	0.0000	0.0000	0.0000	0.0000	0.0000	0.0000	0.0000	0.0000	0.0000	0.0000	0.0000	0.0000	0.0000	0.5000	0.5000	0.5000	0.0000	0.0000	0.0000	0.0000
NODE_191_length_241_cov_0.817204	1	0	0	0	11	0.0000	0.2988	1.0000	0.0000	0.0000	0.0000	0.0000	0.0000	0.0000	0.0000	0.0000	0.0000	0.0000	0.0000	0.0000	0.0000	0.0000	0.0000	0.0000	0.0000	0.0000	0.5000	0.5000	0.5000	0.0000	0.0000	0.0000	0.0000
NODE_192_length_241_cov_0.817204	1	0	0	0	11	0.0000	0.9336	1.0000	0.0000	0.0000	0.0000	0.0000	0.0000	0.0000	0.0000	0.0000	0.0000	0.0000	0.0000	0.0000	0.0000	0.0000	0.0000	0.0000	0.0000	0.0000	0.5000	0.5000	0.5000	0.0000	0.0000	0.0000	0.0000
NODE_193_length_241_cov_0.817204	0	0	0	0	11	0.0000	0.0000	0.0000	0.0000	0.0000	0.0000	0.0000	0.0000	0.0000	0.0000	0.0000	0.0000	0.0000	0.0000	0.0000	0.0000	0.0000	0.0000	0.0000	0.0000	0.0000	0.5000	0.5000	0.5000	0.0000	0.0000	0.0000	0.0000
NODE_194_length_240_cov_0.832432	2	0	0	0	11	0.0000	1.1875	0.5000	0.0000	0.5000	0.0000	0.0000	0.0000	0.0000	0.0000	0.0000	0.0000	0.0000	0.0000	0.0000	0.0000	0.0000	0.0000	0.0000	0.0000	0.0000	0.5000	0.5000	0.5000	0.0000	0.0000	0.0000	0.0000
NODE_195_length_240_cov_0.816216	0	0	0	0	11	0.0000	0.0000	0.0000	0.0000	0.0000	0.0000	0.0000	0.0000	0.0000	0.0000	0.0000	0.0000	0.0000	0.0000	0.0000	0.0000	0.0000	0.0000	0.0000	0.0000	0.0000	0.5000	0.5000	0.5000	0.0000	0.0000	0.0000	0.0000
NODE_196_length_239_cov_1.005435	0	0	0	0	11	0.0000	0.0000	0.0000	0.0000	0.0000	0.0000	0.0000	0.0000	0.0000	0.0000	0.0000	0.0000	0.0000	0.0000	0.0000	0.0000	0.0000	0.0000	0.0000	0.0000	0.0000	0.5000	0.5000	0.5000	0.0000	0.0000	0.0000	0.0000
NODE_197_length_239_cov_0.820652	1	0	0	0	11	0.0000	0.9916	1.0000	0.0000	0.0000	0.0000	0.0000	0.0000	0.0000	0.0000	0.0000	0.0000	0.0000	0.0000	0.0000	0.0000	0.0000	0.0000	0.0000	0.0000	0.0000	0.5000	0.5000	0.5000	0.0000	0.0000	0.0000	0.0000
NODE_198_length_239_cov_0.820652	1	0	0	0	11	0.0000	0.9916	1.0000	0.0000	0.0000	0.0000	0.0000	0.0000	0.0000	0.0000	0.0000	0.0000	0.0000	0.0000	0.0000	0.0000	0.0000	0.0000	0.0000	0.0000	0.0000	0.5000	0.5000	0.5000	0.0000	0.0000	0.0000	0.0000
NODE_199_length_239_cov_0.820652	1	0	0	0	11	0.0000	0.9916	1.0000	0.0000	0.0000	0.0000	0.0000	0.0000	0.0000	0.0000	0.0000	0.0000	0.0000	0.0000	0.0000	0.0000	0.0000	0.0000	0.0000	0.0000	0.0000	0.5000	0.5000	0.5000	0.0000	0.0000	0.0000	0.0000
NODE_200_length_239_cov_0.815217	1	0	0	0	11	0.0000	0.6653	0.0000	0.0000	1.0000	0.0000	0.0000	0.0000	0.0000	0.0000	0.0000	0.0000	0.0000	0.0000	0.0000	0.0000	0.0000	0.0000	0.0000	0.0000	0.0000	0.5000	0.5000	0.5000	0.0000	0.0000	0.0000	0.0000
NODE_201_length_239_cov_0.690217	0	0	0	0	11	0.0000	0.0000	0.0000	0.0000	0.0000	0.0000	0.0000	0.0000	0.0000	0.0000	0.0000	0.0000	0.0000	0.0000	0.0000	0.0000	0.0000	0.0000	0.0000	0.0000	0.0000	0.5000	0.5000	0.5000	0.0000	0.0000	0.0000	0.0000
NODE_202_length_238_cov_0.825137	1	0	0	0	4	0.0000	0.8067	1.0000	0.0000	0.0000	0.0000	0.0000	0.0000	0.0000	0.0000	0.0000	0.0000	0.0000	0.0000	0.0000	0.0000	0.0000	0.0000	0.0000	0.0000	0.0000	0.5000	0.5000	0.5000	0.0000	0.0000	0.0000	0.0000
NODE_203_length_238_cov_0.825137	0	0	0	0	11	0.0000	0.0000	0.0000	0.0000	0.0000	0.0000	0.0000	0.0000	0.0000	0.0000	0.0000	0.0000	0.0000	0.0000	0.0000	0.0000	0.0000	0.0000	0.0000	0.0000	0.0000	0.5000	0.5000	0.5000	0.0000	0.0000	0.0000	0.0000
NODE_204_length_238_cov_0.825137	1	0	0	0	11	0.0000	0.7185	1.0000	0.0000	0.0000	0.0000	0.0000	0.0000	0.0000	0.0000	0.0000	0.0000	0.0000	0.0000	0.0000	0.0000	0.0000	0.0000	0.0000	0.0000	0.0000	0.5000	0.5000	0.5000	0.0000	0.0000	0.0000	0.0000
NODE_205_length_238_cov_0.825137	1	0	0	0	11	0.0000	0.3277	1.0000	0.0000	0.0000	0.0000	0.0000	0.0000	0.0000	0.0000	0.0000	0.0000	0.0000	0.0000	0.0000	0.0000	0.0000	0.0000	0.0000	0.0000	0.0000	0.5000	0.5000	0.5000	0.0000	0.0000	0.0000	0.0000
NODE_206_length_238_cov_0.819672	0	0	0	0	11	0.0000	0.0000	0.0000	0.0000	0.0000	0.0000	0.0000	0.0000	0.0000	0.0000	0.0000	0.0000	0.0000	0.0000	0.0000	0.0000	0.0000	0.0000	0.0000	0.0000	0.0000	0.5000	0.5000	0.5000	0.0000	0.0000	0.0000	0.0000
NODE_207_length_238_cov_0.819672	0	0	0	0	11	0.0000	0.0000	0.0000	0.0000	0.0000	0.0000	0.0000	0.0000	0.0000	0.0000	0.0000	0.0000	0.0000	0.0000	0.0000	0.0000	0.0000	0.0000	0.0000	0.0000	0.0000	0.5000	0.5000	0.5000	0.0000	0.0000	0.0000	0.0000
NODE_208_length_238_cov_0.814208	1	0	0	0	11	0.0000	0.6429	1.0000	0.0000	0.0000	0.0000	0.0000	0.0000	0.0000	0.0000	0.0000	0.0000	0.0000	0.0000	0.0000	0.0000	0.0000	0.0000	0.0000	0.0000	0.0000	0.5000	0.5000	0.5000	0.0000	0.0000	0.0000	0.0000
NODE_209_length_238_cov_0.814208	1	0	0	0	11	0.0000	0.5168	1.0000	0.0000	0.0000	0.0000	0.0000	0.0000	0.0000	0.0000	0.0000	0.0000	0.0000	0.0000	0.0000	0.0000	0.0000	0.0000	0.0000	0.0000	0.0000	0.5000	0.5000	0.5000	0.0000	0.0000	0.0000	0.0000
NODE_210_length_237_cov_1.054945	1	0	0	0	11	0.0000	0.9873	1.0000	0.0000	0.0000	0.0000	1.0000	0.0000	0.0000	0.0000	0.0000	0.0000	0.0000	0.0000	0.0000	1.0000	0.0000	0.0000	1.0000	0.0000	0.0000	0.2975	0.5000	0.2975	0.0000	1.7183	-1.7183	-1.7183
NODE_211_length_236_cov_0.817680	1	0	0	0	11	0.0000	0.9915	1.0000	0.0000	0.0000	0.0000	0.0000	0.0000	0.0000	0.0000	0.0000	0.0000	0.0000	0.0000	0.0000	0.0000	0.0000	0.0000	0.0000	0.0000	0.0000	0.5000	0.5000	0.5000	0.0000	0.0000	0.0000	0.0000
NODE_212_length_235_cov_1.000000	0	0	0	0	11	0.0000	0.0000	0.0000	0.0000	0.0000	0.0000	0.0000	0.0000	0.0000	0.0000	0.0000	0.0000	0.0000	0.0000	0.0000	0.0000	0.0000	0.0000	0.0000	0.0000	0.0000	0.5000	0.5000	0.5000	0.0000	0.0000	0.0000	0.0000
NODE_213_length_235_cov_0.933333	1	0	0	0	11	0.0000	0.9957	1.0000	0.0000	0.0000	0.0000	0.0000	0.0000	0.0000	0.0000	0.0000	0.0000	0.0000	0.0000	0.0000	0.0000	0.0000	0.0000	0.0000	0.0000	0.0000	0.5000	0.5000	0.5000	0.0000	0.0000	0.0000	0.0000
NODE_214_length_235_cov_0.822222	1	0	0	0	11	0.0000	0.9957	1.0000	0.0000	0.0000	0.0000	0.0000	0.0000	0.0000	0.0000	0.0000	0.0000	0.0000	0.0000	0.0000	0.0000	0.0000	0.0000	0.0000	0.0000	0.0000	0.5000	0.5000	0.5000	0.0000	0.0000	0.0000	0.0000
NODE_215_length_234_cov_1.039106	1	0	0	0	11	0.0000	0.9487	1.0000	0.0000	0.0000	0.0000	0.0000	0.0000	0.0000	0.0000	0.0000	0.0000	0.0000	0.0000	0.0000	0.0000	0.0000	0.0000	0.0000	0.0000	0.0000	0.5000	0.5000	0.5000	0.0000	0.0000	0.0000	0.0000
NODE_216_length_234_cov_0.877095	1	0	0	0	11	0.0000	1.0000	1.0000	0.0000	0.0000	0.0000	0.0000	0.0000	0.0000	0.0000	0.0000	0.0000	0.0000	0.0000	0.0000	0.0000	0.0000	0.0000	0.0000	0.0000	0.0000	0.5000	0.5000	0.5000	0.0000	0.0000	0.0000	0.0000
NODE_217_length_234_cov_0.832402	1	0	0	0	11	0.0000	0.8974	1.0000	0.0000	0.0000	0.0000	0.0000	0.0000	0.0000	0.0000	0.0000	0.0000	0.0000	0.0000	0.0000	0.0000	0.0000	0.0000	0.0000	0.0000	0.0000	0.5000	0.5000	0.5000	0.0000	0.0000	0.0000	0.0000
NODE_218_length_233_cov_0.876404	0	0	0	0	11	0.0000	0.0000	0.0000	0.0000	0.0000	0.0000	0.0000	0.0000	0.0000	0.0000	0.0000	0.0000	0.0000	0.0000	0.0000	0.0000	0.0000	0.0000	0.0000	0.0000	0.0000	0.5000	0.5000	0.5000	0.0000	0.0000	0.0000	0.0000
NODE_219_length_233_cov_0.820225	1	0	0	0	11	0.0000	0.9914	1.0000	0.0000	0.0000	0.0000	0.0000	0.0000	0.0000	0.0000	0.0000	0.0000	0.0000	0.0000	0.0000	0.0000	0.0000	0.0000	0.0000	0.0000	0.0000	0.5000	0.5000	0.5000	0.0000	0.0000	0.0000	0.0000
NODE_220_length_233_cov_0.814607	0	0	0	0	11	0.0000	0.0000	0.0000	0.0000	0.0000	0.0000	0.0000	0.0000	0.0000	0.0000	0.0000	0.0000	0.0000	0.0000	0.0000	0.0000	0.0000	0.0000	0.0000	0.0000	0.0000	0.5000	0.5000	0.5000	0.0000	0.0000	0.0000	0.0000
NODE_221_length_233_cov_0.808989	1	0	0	0	11	0.0000	0.9914	1.0000	0.0000	0.0000	0.0000	0.0000	0.0000	0.0000	0.0000	0.0000	0.0000	0.0000	0.0000	0.0000	0.0000	0.0000	0.0000	0.0000	0.0000	0.0000	0.5000	0.5000	0.5000	0.0000	0.0000	0.0000	0.0000
NODE_222_length_233_cov_0.808989	1	0	0	0	11	0.0000	0.9914	1.0000	0.0000	0.0000	0.0000	0.0000	0.0000	0.0000	0.0000	0.0000	0.0000	0.0000	0.0000	0.0000	0.0000	0.0000	0.0000	0.0000	0.0000	0.0000	0.5000	0.5000	0.5000	0.0000	0.0000	0.0000	0.0000
NODE_223_length_232_cov_1.011299	1	0	0	0	11	0.0000	0.9957	1.0000	0.0000	0.0000	0.0000	0.0000	0.0000	0.0000	0.0000	0.0000	0.0000	0.0000	0.0000	0.0000	0.0000	0.0000	0.0000	0.0000	0.0000	0.0000	0.5000	0.5000	0.5000	0.0000	0.0000	0.0000	0.0000
NODE_224_length_232_cov_0.796610	0	0	0	0	11	0.0000	0.0000	0.0000	0.0000	0.0000	0.0000	0.0000	0.0000	0.0000	0.0000	0.0000	0.0000	0.0000	0.0000	0.0000	0.0000	0.0000	0.0000	0.0000	0.0000	0.0000	0.5000	0.5000	0.5000	0.0000	0.0000	0.0000	0.0000
NODE_225_length_231_cov_0.806818	1	0	0	0	11	0.0000	1.0000	1.0000	0.0000	0.0000	0.0000	0.0000	0.0000	0.0000	0.0000	0.0000	0.0000	0.0000	0.0000	0.0000	0.0000	0.0000	0.0000	0.0000	0.0000	0.0000	0.5000	0.5000	0.5000	0.0000	0.0000	0.0000	0.0000
NODE_226_length_230_cov_0.822857	1	0	0	0	11	0.0000	0.9913	1.0000	0.0000	0.0000	0.0000	0.0000	0.0000	0.0000	0.0000	0.0000	0.0000	0.0000	0.0000	0.0000	0.0000	0.0000	0.0000	0.0000	0.0000	0.0000	0.5000	0.5000	0.5000	0.0000	0.0000	0.0000	0.0000
NODE_227_length_230_cov_0.805714	1	0	0	0	11	0.0000	0.9913	1.0000	0.0000	0.0000	0.0000	0.0000	0.0000	0.0000	0.0000	0.0000	0.0000	0.0000	0.0000	0.0000	0.0000	0.0000	0.0000	0.0000	0.0000	0.0000	0.5000	0.5000	0.5000	0.0000	0.0000	0.0000	0.0000
NODE_228_length_230_cov_0.805714	0	0	0	0	11	0.0000	0.0000	0.0000	0.0000	0.0000	0.0000	0.0000	0.0000	0.0000	0.0000	0.0000	0.0000	0.0000	0.0000	0.0000	0.0000	0.0000	0.0000	0.0000	0.0000	0.0000	0.5000	0.5000	0.5000	0.0000	0.0000	0.0000	0.0000
NODE_229_length_230_cov_0.422857	1	0	0	0	11	0.0000	0.9913	1.0000	0.0000	0.0000	0.0000	0.0000	0.0000	0.0000	0.0000	0.0000	0.0000	0.0000	0.0000	0.0000	0.0000	0.0000	0.0000	0.0000	0.0000	0.0000	0.5000	0.5000	0.5000	0.0000	0.0000	0.0000	0.0000
NODE_230_length_230_cov_0.382857	0	0	0	0	11	0.0000	0.0000	0.0000	0.0000	0.0000	0.0000	0.0000	0.0000	0.0000	0.0000	0.0000	0.0000	0.0000	0.0000	0.0000	0.0000	0.0000	0.0000	0.0000	0.0000	0.0000	0.5000	0.5000	0.5000	0.0000	0.0000	0.0000	0.0000
NODE_231_length_229_cov_0.885057	0	0	0	0	11	0.0000	0.0000	0.0000	0.0000	0.0000	0.0000	0.0000	0.0000	0.0000	0.0000	0.0000	0.0000	0.0000	0.0000	0.0000	0.0000	0.0000	0.0000	0.0000	0.0000	0.0000	0.5000	0.5000	0.5000	0.0000	0.0000	0.0000	0.0000
NODE_232_length_229_cov_0.816092	0	0	0	0	11	0.0000	0.0000	0.0000	0.0000	0.0000	0.0000	0.0000	0.0000	0.0000	0.0000	0.0000	0.0000	0.0000	0.0000	0.0000	0.0000	0.0000	0.0000	0.0000	0.0000	0.0000	0.5000	0.5000	0.5000	0.0000	0.0000	0.0000	0.0000
NODE_233_length_229_cov_0.804598	0	0	0	0	11	0.0000	0.0000	0.0000	0.0000	0.0000	0.0000	0.0000	0.0000	0.0000	0.0000	0.0000	0.0000	0.0000	0.0000	0.0000	0.0000	0.0000	0.0000	0.0000	0.0000	0.0000	0.5000	0.5000	0.5000	0.0000	0.0000	0.0000	0.0000
NODE_234_length_228_cov_0.815029	1	0	0	0	11	0.0000	0.9868	1.0000	0.0000	0.0000	0.0000	0.0000	0.0000	0.0000	0.0000	0.0000	0.0000	0.0000	0.0000	0.0000	0.0000	0.0000	0.0000	0.0000	0.0000	0.0000	0.5000	0.5000	0.5000	0.0000	0.0000	0.0000	0.0000
NODE_235_length_228_cov_0.803468	1	0	0	0	11	0.0000	0.9868	1.0000	0.0000	0.0000	0.0000	0.0000	0.0000	0.0000	0.0000	0.0000	0.0000	0.0000	0.0000	0.0000	0.0000	0.0000	0.0000	0.0000	0.0000	0.0000	0.5000	0.5000	0.5000	0.0000	0.0000	0.0000	0.0000
NODE_236_length_227_cov_1.674419	1	0	0	0	11	0.0000	0.9912	1.0000	0.0000	0.0000	0.0000	0.0000	0.0000	0.0000	0.0000	0.0000	0.0000	0.0000	0.0000	0.0000	0.0000	0.0000	0.0000	0.0000	0.0000	0.0000	0.5000	0.5000	0.5000	0.0000	0.0000	0.0000	0.0000
NODE_237_length_227_cov_0.889535	2	0	0	0	11	0.0000	0.9912	1.0000	0.0000	0.0000	0.0000	0.0000	0.0000	0.0000	0.0000	0.0000	0.0000	0.0000	0.0000	0.0000	0.0000	0.0000	0.0000	0.0000	0.0000	0.0000	0.5000	0.5000	0.5000	0.0000	0.0000	0.0000	0.0000
NODE_238_length_227_cov_0.808140	0	0	0	0	11	0.0000	0.0000	0.0000	0.0000	0.0000	0.0000	0.0000	0.0000	0.0000	0.0000	0.0000	0.0000	0.0000	0.0000	0.0000	0.0000	0.0000	0.0000	0.0000	0.0000	0.0000	0.5000	0.5000	0.5000	0.0000	0.0000	0.0000	0.0000
NODE_239_length_227_cov_0.808140	1	0	0	0	11	0.0000	0.9912	1.0000	0.0000	0.0000	0.0000	0.0000	0.0000	0.0000	0.0000	0.0000	0.0000	0.0000	0.0000	0.0000	0.0000	0.0000	0.0000	0.0000	0.0000	0.0000	0.5000	0.5000	0.5000	0.0000	0.0000	0.0000	0.0000
NODE_240_length_225_cov_0.870588	1	0	0	0	11	0.0000	0.9867	1.0000	0.0000	0.0000	0.0000	0.0000	0.0000	0.0000	0.0000	0.0000	0.0000	0.0000	0.0000	0.0000	0.0000	0.0000	0.0000	0.0000	0.0000	0.0000	0.5000	0.5000	0.5000	0.0000	0.0000	0.0000	0.0000
NODE_241_length_225_cov_0.800000	0	0	0	0	11	0.0000	0.0000	0.0000	0.0000	0.0000	0.0000	0.0000	0.0000	0.0000	0.0000	0.0000	0.0000	0.0000	0.0000	0.0000	0.0000	0.0000	0.0000	0.0000	0.0000	0.0000	0.5000	0.5000	0.5000	0.0000	0.0000	0.0000	0.0000
NODE_242_length_225_cov_0.794118	1	0	0	0	11	0.0000	0.9867	1.0000	0.0000	0.0000	0.0000	0.0000	0.0000	0.0000	0.0000	0.0000	0.0000	0.0000	0.0000	0.0000	0.0000	0.0000	0.0000	0.0000	0.0000	0.0000	0.5000	0.5000	0.5000	0.0000	0.0000	0.0000	0.0000
NODE_243_length_224_cov_0.798817	1	0	0	0	11	0.0000	0.9911	1.0000	0.0000	0.0000	0.0000	0.0000	0.0000	0.0000	0.0000	0.0000	0.0000	0.0000	0.0000	0.0000	0.0000	0.0000	0.0000	0.0000	0.0000	0.0000	0.5000	0.5000	0.5000	0.0000	0.0000	0.0000	0.0000
NODE_244_length_222_cov_0.808383	1	0	0	0	11	0.0000	0.9865	1.0000	0.0000	0.0000	0.0000	0.0000	0.0000	0.0000	0.0000	0.0000	0.0000	0.0000	0.0000	0.0000	0.0000	0.0000	0.0000	0.0000	0.0000	0.0000	0.5000	0.5000	0.5000	0.0000	0.0000	0.0000	0.0000
NODE_245_length_221_cov_11.186747	1	0	0	0	11	0.0000	0.9910	1.0000	0.0000	0.0000	0.0000	0.0000	0.0000	0.0000	0.0000	0.0000	0.0000	0.0000	0.0000	0.0000	0.0000	0.0000	0.0000	0.0000	0.0000	0.0000	0.5000	0.5000	0.5000	0.0000	0.0000	0.0000	0.0000
NODE_246_length_221_cov_1.018072	1	0	0	0	11	0.0000	0.9910	1.0000	0.0000	0.0000	0.0000	0.0000	0.0000	0.0000	0.0000	0.0000	0.0000	0.0000	0.0000	0.0000	0.0000	0.0000	0.0000	0.0000	0.0000	0.0000	0.5000	0.5000	0.5000	0.0000	0.0000	0.0000	0.0000
NODE_247_length_220_cov_1.030303	1	0	0	0	11	0.0000	0.9818	1.0000	0.0000	0.0000	0.0000	0.0000	0.0000	0.0000	0.0000	0.0000	0.0000	0.0000	0.0000	0.0000	0.0000	0.0000	0.0000	0.0000	0.0000	0.0000	0.5000	0.5000	0.5000	0.0000	0.0000	0.0000	0.0000
NODE_248_length_219_cov_2.341463	1	0	0	0	11	0.0000	1.0000	1.0000	0.0000	0.0000	0.0000	0.0000	0.0000	0.0000	0.0000	0.0000	0.0000	0.0000	0.0000	0.0000	0.0000	0.0000	0.0000	0.0000	0.0000	0.0000	0.5000	0.5000	0.5000	0.0000	0.0000	0.0000	0.0000
NODE_249_length_218_cov_2.944785	1	0	0	0	11	0.0000	0.9908	1.0000	0.0000	0.0000	0.0000	0.0000	0.0000	0.0000	0.0000	0.0000	0.0000	0.0000	0.0000	0.0000	0.0000	0.0000	0.0000	0.0000	0.0000	0.0000	0.5000	0.5000	0.5000	0.0000	0.0000	0.0000	0.0000
NODE_250_length_217_cov_1.037037	1	0	0	0	11	0.0000	0.9954	1.0000	0.0000	0.0000	0.0000	0.0000	0.0000	0.0000	0.0000	0.0000	0.0000	0.0000	0.0000	0.0000	0.0000	0.0000	0.0000	0.0000	0.0000	0.0000	0.5000	0.5000	0.5000	0.0000	0.0000	0.0000	0.0000
NODE_251_length_216_cov_1.006211	1	0	0	0	11	0.0000	0.9861	1.0000	0.0000	0.0000	0.0000	0.0000	0.0000	0.0000	0.0000	0.0000	0.0000	0.0000	0.0000	0.0000	0.0000	0.0000	0.0000	0.0000	0.0000	0.0000	0.5000	0.5000	0.5000	0.0000	0.0000	0.0000	0.0000
NODE_252_length_216_cov_0.838509	1	0	0	0	11	0.0000	0.9861	1.0000	0.0000	0.0000	0.0000	0.0000	0.0000	0.0000	0.0000	0.0000	0.0000	0.0000	0.0000	0.0000	0.0000	0.0000	0.0000	0.0000	0.0000	0.0000	0.5000	0.5000	0.5000	0.0000	0.0000	0.0000	0.0000
NODE_253_length_215_cov_1.200000	1	0	0	0	11	0.0000	0.9907	1.0000	0.0000	0.0000	0.0000	0.0000	0.0000	0.0000	0.0000	0.0000	0.0000	0.0000	0.0000	0.0000	0.0000	0.0000	0.0000	0.0000	0.0000	0.0000	0.5000	0.5000	0.5000	0.0000	0.0000	0.0000	0.0000
NODE_254_length_213_cov_1.594937	1	0	0	0	11	0.0000	0.9859	1.0000	0.0000	0.0000	0.0000	0.0000	0.0000	0.0000	0.0000	0.0000	0.0000	0.0000	0.0000	0.0000	0.0000	0.0000	0.0000	0.0000	0.0000	0.0000	0.5000	0.5000	0.5000	0.0000	0.0000	0.0000	0.0000
NODE_255_length_213_cov_1.018987	1	0	0	0	11	0.0000	1.0000	1.0000	0.0000	0.0000	0.0000	0.0000	0.0000	0.0000	0.0000	0.0000	0.0000	0.0000	0.0000	0.0000	0.0000	0.0000	0.0000	0.0000	0.0000	0.0000	0.5000	0.5000	0.5000	0.0000	0.0000	0.0000	0.0000
NODE_256_length_213_cov_1.018987	1	0	0	0	11	0.0000	0.9859	1.0000	0.0000	0.0000	0.0000	0.0000	0.0000	0.0000	0.0000	0.0000	0.0000	0.0000	0.0000	0.0000	0.0000	0.0000	0.0000	0.0000	0.0000	0.0000	0.5000	0.5000	0.5000	0.0000	0.0000	0.0000	0.0000
NODE_257_length_211_cov_1.846154	1	0	0	0	11	0.0000	0.9953	1.0000	0.0000	0.0000	0.0000	0.0000	0.0000	0.0000	0.0000	0.0000	0.0000	0.0000	0.0000	0.0000	0.0000	0.0000	0.0000	0.0000	0.0000	0.0000	0.5000	0.5000	0.5000	0.0000	0.0000	0.0000	0.0000
NODE_258_length_211_cov_0.596154	1	0	0	0	11	0.0000	0.9953	1.0000	0.0000	0.0000	0.0000	0.0000	0.0000	0.0000	0.0000	0.0000	0.0000	0.0000	0.0000	0.0000	0.0000	0.0000	0.0000	0.0000	0.0000	0.0000	0.5000	0.5000	0.5000	0.0000	0.0000	0.0000	0.0000
NODE_259_length_210_cov_0.606452	1	0	0	0	11	0.0000	0.9857	1.0000	0.0000	0.0000	0.0000	0.0000	0.0000	0.0000	0.0000	0.0000	0.0000	0.0000	0.0000	0.0000	0.0000	0.0000	0.0000	0.0000	0.0000	0.0000	0.5000	0.5000	0.5000	0.0000	0.0000	0.0000	0.0000
NODE_260_length_210_cov_0.600000	1	0	0	0	11	0.0000	1.0000	1.0000	0.0000	0.0000	0.0000	0.0000	0.0000	0.0000	0.0000	0.0000	0.0000	0.0000	0.0000	0.0000	0.0000	0.0000	0.0000	0.0000	0.0000	0.0000	0.5000	0.5000	0.5000	0.0000	0.0000	0.0000	0.0000
NODE_261_length_210_cov_0.445161	0	0	0	0	11	0.0000	0.0000	0.0000	0.0000	0.0000	0.0000	0.0000	0.0000	0.0000	0.0000	0.0000	0.0000	0.0000	0.0000	0.0000	0.0000	0.0000	0.0000	0.0000	0.0000	0.0000	0.5000	0.5000	0.5000	0.0000	0.0000	0.0000	0.0000
NODE_262_length_210_cov_0.445161	1	0	0	0	11	0.0000	1.0000	1.0000	0.0000	0.0000	0.0000	0.0000	0.0000	0.0000	0.0000	0.0000	0.0000	0.0000	0.0000	0.0000	0.0000	0.0000	0.0000	0.0000	0.0000	0.0000	0.5000	0.5000	0.5000	0.0000	0.0000	0.0000	0.0000
NODE_263_length_209_cov_1.025974	0	0	0	0	11	0.0000	0.0000	0.0000	0.0000	0.0000	0.0000	0.0000	0.0000	0.0000	0.0000	0.0000	0.0000	0.0000	0.0000	0.0000	0.0000	0.0000	0.0000	0.0000	0.0000	0.0000	0.5000	0.5000	0.5000	0.0000	0.0000	0.0000	0.0000
NODE_264_length_208_cov_1.006536	1	0	0	0	11	0.0000	0.9952	1.0000	0.0000	0.0000	0.0000	0.0000	0.0000	0.0000	0.0000	0.0000	0.0000	0.0000	0.0000	0.0000	0.0000	0.0000	0.0000	0.0000	0.0000	0.0000	0.5000	0.5000	0.5000	0.0000	0.0000	0.0000	0.0000
NODE_265_length_146_cov_1.263736	1	0	0	0	11	0.0000	0.9863	1.0000	0.0000	0.0000	0.0000	0.0000	0.0000	0.0000	0.0000	0.0000	0.0000	0.0000	0.0000	0.0000	0.0000	0.0000	0.0000	0.0000	0.0000	0.0000	0.5000	0.5000	0.5000	0.0000	0.0000	0.0000	0.0000
NODE_266_length_113_cov_1340.931034	1	0	0	0	11	0.0000	0.9823	1.0000	0.0000	0.0000	0.0000	0.0000	0.0000	0.0000	0.0000	0.0000	0.0000	0.0000	0.0000	0.0000	0.0000	0.0000	0.0000	0.0000	0.0000	0.0000	0.5000	0.5000	0.5000	0.0000	0.0000	0.0000	0.0000
NODE_267_length_108_cov_130.188679	1	0	0	0	11	0.0000	1.0000	1.0000	0.0000	0.0000	0.0000	0.0000	0.0000	0.0000	0.0000	0.0000	0.0000	0.0000	0.0000	0.0000	0.0000	0.0000	0.0000	0.0000	0.0000	0.0000	0.5000	0.5000	0.5000	0.0000	0.0000	0.0000	0.0000
NODE_268_length_108_cov_6.660377	1	0	0	0	11	0.0000	0.9722	1.0000	0.0000	0.0000	0.0000	0.0000	0.0000	0.0000	0.0000	0.0000	0.0000	0.0000	0.0000	0.0000	0.0000	0.0000	0.0000	0.0000	0.0000	0.0000	0.5000	0.5000	0.5000	0.0000	0.0000	0.0000	0.0000
NODE_269_length_108_cov_5.849057	1	0	0	0	11	0.0000	1.0000	1.0000	0.0000	0.0000	0.0000	0.0000	0.0000	0.0000	0.0000	0.0000	0.0000	0.0000	0.0000	0.0000	0.0000	0.0000	0.0000	0.0000	0.0000	0.0000	0.5000	0.5000	0.5000	0.0000	0.0000	0.0000	0.0000
NODE_270_length_106_cov_32.568627	1	0	0	0	11	0.0000	0.9906	1.0000	0.0000	0.0000	0.0000	0.0000	0.0000	0.0000	0.0000	0.0000	0.0000	0.0000	0.0000	0.0000	0.0000	0.0000	0.0000	0.0000	0.0000	0.0000	0.5000	0.5000	0.5000	0.0000	0.0000	0.0000	0.0000
NODE_271_length_104_cov_7.959184	0	0	0	0	11	0.0000	0.0000	0.0000	0.0000	0.0000	0.0000	0.0000	0.0000	0.0000	0.0000	0.0000	0.0000	0.0000	0.0000	0.0000	0.0000	0.0000	0.0000	0.0000	0.0000	0.0000	0.5000	0.5000	0.5000	0.0000	0.0000	0.0000	0.0000
NODE_272_length_104_cov_3.612245	1	0	0	0	11	0.0000	0.9808	1.0000	0.0000	0.0000	0.0000	0.0000	0.0000	0.0000	0.0000	0.0000	0.0000	0.0000	0.0000	0.0000	0.0000	0.0000	0.0000	0.0000	0.0000	0.0000	0.5000	0.5000	0.5000	0.0000	0.0000	0.0000	0.0000
NODE_273_length_103_cov_3.479167	1	0	0	0	11	0.0000	0.9612	1.0000	0.0000	0.0000	0.0000	0.0000	0.0000	0.0000	0.0000	0.0000	0.0000	0.0000	0.0000	0.0000	0.0000	0.0000	0.0000	0.0000	0.0000	0.0000	0.5000	0.5000	0.5000	0.0000	0.0000	0.0000	0.0000
NODE_274_length_100_cov_4.266667	1	0	0	0	11	0.0000	0.9600	1.0000	0.0000	0.0000	0.0000	0.0000	0.0000	0.0000	0.0000	0.0000	0.0000	0.0000	0.0000	0.0000	0.0000	0.0000	0.0000	0.0000	0.0000	0.0000	0.5000	0.5000	0.5000	0.0000	0.0000	0.0000	0.0000
NODE_275_length_99_cov_18.636364	1	0	0	0	11	0.0000	0.9697	1.0000	0.0000	0.0000	0.0000	0.0000	0.0000	0.0000	0.0000	0.0000	0.0000	0.0000	0.0000	0.0000	0.0000	0.0000	0.0000	0.0000	0.0000	0.0000	0.5000	0.5000	0.5000	0.0000	0.0000	0.0000	0.0000
NODE_276_length_99_cov_18.295455	1	0	0	0	11	0.0000	0.9697	1.0000	0.0000	0.0000	0.0000	0.0000	0.0000	0.0000	0.0000	0.0000	0.0000	0.0000	0.0000	0.0000	0.0000	0.0000	0.0000	0.0000	0.0000	0.0000	0.5000	0.5000	0.5000	0.0000	0.0000	0.0000	0.0000
NODE_277_length_97_cov_14.761905	1	0	0	0	11	0.0000	0.9897	1.0000	0.0000	0.0000	0.0000	0.0000	0.0000	0.0000	0.0000	0.0000	0.0000	0.0000	0.0000	0.0000	0.0000	0.0000	0.0000	0.0000	0.0000	0.0000	0.5000	0.5000	0.5000	0.0000	0.0000	0.0000	0.0000
NODE_278_length_96_cov_35.926829	1	0	0	0	11	0.0000	0.9688	1.0000	0.0000	0.0000	0.0000	0.0000	0.0000	0.0000	0.0000	0.0000	0.0000	0.0000	0.0000	0.0000	0.0000	0.0000	0.0000	0.0000	0.0000	0.0000	0.5000	0.5000	0.5000	0.0000	0.0000	0.0000	0.0000
NODE_279_length_76_cov_561.047619	1	0	0	0	11	0.0000	0.9474	1.0000	0.0000	0.0000	0.0000	0.0000	0.0000	0.0000	0.0000	0.0000	0.0000	0.0000	0.0000	0.0000	0.0000	0.0000	0.0000	0.0000	0.0000	0.0000	0.5000	0.5000	0.5000	0.0000	0.0000	0.0000	0.0000
NODE_280_length_70_cov_312.400000	1	0	0	0	11	0.0000	0.9429	1.0000	0.0000	0.0000	0.0000	0.0000	0.0000	0.0000	0.0000	0.0000	0.0000	0.0000	0.0000	0.0000	0.0000	0.0000	0.0000	0.0000	0.0000	0.0000	0.5000	0.5000	0.5000	0.0000	0.0000	0.0000	0.0000
NODE_281_length_69_cov_3.642857	0	0	0	0	11	0.0000	0.0000	0.0000	0.0000	0.0000	0.0000	0.0000	0.0000	0.0000	0.0000	0.0000	0.0000	0.0000	0.0000	0.0000	0.0000	0.0000	0.0000	0.0000	0.0000	0.0000	0.5000	0.5000	0.5000	0.0000	0.0000	0.0000	0.0000
NODE_282_length_62_cov_23.285714	0	0	0	0	11	0.0000	0.0000	0.0000	0.0000	0.0000	0.0000	0.0000	0.0000	0.0000	0.0000	0.0000	0.0000	0.0000	0.0000	0.0000	0.0000	0.0000	0.0000	0.0000	0.0000	0.0000	0.5000	0.5000	0.5000	0.0000	0.0000	0.0000	0.0000
NODE_283_length_60_cov_64.600000	0	0	0	0	11	0.0000	0.0000	0.0000	0.0000	0.0000	0.0000	0.0000	0.0000	0.0000	0.0000	0.0000	0.0000	0.0000	0.0000	0.0000	0.0000	0.0000	0.0000	0.0000	0.0000	0.0000	0.5000	0.5000	0.5000	0.0000	0.0000	0.0000	0.0000
NODE_284_length_60_cov_1.600000	0	0	0	0	11	0.0000	0.0000	0.0000	0.0000	0.0000	0.0000	0.0000	0.0000	0.0000	0.0000	0.0000	0.0000	0.0000	0.0000	0.0000	0.0000	0.0000	0.0000	0.0000	0.0000	0.0000	0.5000	0.5000	0.5000	0.0000	0.0000	0.0000	0.0000
NODE_285_length_59_cov_91.000000	0	0	0	0	11	0.0000	0.0000	0.0000	0.0000	0.0000	0.0000	0.0000	0.0000	0.0000	0.0000	0.0000	0.0000	0.0000	0.0000	0.0000	0.0000	0.0000	0.0000	0.0000	0.0000	0.0000	0.5000	0.5000	0.5000	0.0000	0.0000	0.0000	0.0000
NODE_286_length_59_cov_58.500000	0	0	0	0	11	0.0000	0.0000	0.0000	0.0000	0.0000	0.0000	0.0000	0.0000	0.0000	0.0000	0.0000	0.0000	0.0000	0.0000	0.0000	0.0000	0.0000	0.0000	0.0000	0.0000	0.0000	0.5000	0.5000	0.5000	0.0000	0.0000	0.0000	0.0000
NODE_287_length_59_cov_22.500000	0	0	0	0	11	0.0000	0.0000	0.0000	0.0000	0.0000	0.0000	0.0000	0.0000	0.0000	0.0000	0.0000	0.0000	0.0000	0.0000	0.0000	0.0000	0.0000	0.0000	0.0000	0.0000	0.0000	0.5000	0.5000	0.5000	0.0000	0.0000	0.0000	0.0000
NODE_288_length_59_cov_1.000000	0	0	0	0	11	0.0000	0.0000	0.0000	0.0000	0.0000	0.0000	0.0000	0.0000	0.0000	0.0000	0.0000	0.0000	0.0000	0.0000	0.0000	0.0000	0.0000	0.0000	0.0000	0.0000	0.0000	0.5000	0.5000	0.5000	0.0000	0.0000	0.0000	0.0000
NODE_289_length_58_cov_993.000000	0	0	0	0	11	0.0000	0.0000	0.0000	0.0000	0.0000	0.0000	0.0000	0.0000	0.0000	0.0000	0.0000	0.0000	0.0000	0.0000	0.0000	0.0000	0.0000	0.0000	0.0000	0.0000	0.0000	0.5000	0.5000	0.5000	0.0000	0.0000	0.0000	0.0000
NODE_290_length_58_cov_809.333333	0	0	0	0	11	0.0000	0.0000	0.0000	0.0000	0.0000	0.0000	0.0000	0.0000	0.0000	0.0000	0.0000	0.0000	0.0000	0.0000	0.0000	0.0000	0.0000	0.0000	0.0000	0.0000	0.0000	0.5000	0.5000	0.5000	0.0000	0.0000	0.0000	0.0000
NODE_291_length_58_cov_263.000000	0	0	0	0	11	0.0000	0.0000	0.0000	0.0000	0.0000	0.0000	0.0000	0.0000	0.0000	0.0000	0.0000	0.0000	0.0000	0.0000	0.0000	0.0000	0.0000	0.0000	0.0000	0.0000	0.0000	0.5000	0.5000	0.5000	0.0000	0.0000	0.0000	0.0000
NODE_292_length_58_cov_31.666667	0	0	0	0	11	0.0000	0.0000	0.0000	0.0000	0.0000	0.0000	0.0000	0.0000	0.0000	0.0000	0.0000	0.0000	0.0000	0.0000	0.0000	0.0000	0.0000	0.0000	0.0000	0.0000	0.0000	0.5000	0.5000	0.5000	0.0000	0.0000	0.0000	0.0000
NODE_293_length_58_cov_16.666667	0	0	0	0	11	0.0000	0.0000	0.0000	0.0000	0.0000	0.0000	0.0000	0.0000	0.0000	0.0000	0.0000	0.0000	0.0000	0.0000	0.0000	0.0000	0.0000	0.0000	0.0000	0.0000	0.0000	0.5000	0.5000	0.5000	0.0000	0.0000	0.0000	0.0000
NODE_294_length_58_cov_15.000000	0	0	0	0	11	0.0000	0.0000	0.0000	0.0000	0.0000	0.0000	0.0000	0.0000	0.0000	0.0000	0.0000	0.0000	0.0000	0.0000	0.0000	0.0000	0.0000	0.0000	0.0000	0.0000	0.0000	0.5000	0.5000	0.5000	0.0000	0.0000	0.0000	0.0000
NODE_295_length_57_cov_297.000000	0	0	0	0	11	0.0000	0.0000	0.0000	0.0000	0.0000	0.0000	0.0000	0.0000	0.0000	0.0000	0.0000	0.0000	0.0000	0.0000	0.0000	0.0000	0.0000	0.0000	0.0000	0.0000	0.0000	0.5000	0.5000	0.5000	0.0000	0.0000	0.0000	0.0000
NODE_296_length_57_cov_175.500000	0	0	0	0	11	0.0000	0.0000	0.0000	0.0000	0.0000	0.0000	0.0000	0.0000	0.0000	0.0000	0.0000	0.0000	0.0000	0.0000	0.0000	0.0000	0.0000	0.0000	0.0000	0.0000	0.0000	0.5000	0.5000	0.5000	0.0000	0.0000	0.0000	0.0000
NODE_297_length_57_cov_34.500000	0	0	0	0	11	0.0000	0.0000	0.0000	0.0000	0.0000	0.0000	0.0000	0.0000	0.0000	0.0000	0.0000	0.0000	0.0000	0.0000	0.0000	0.0000	0.0000	0.0000	0.0000	0.0000	0.0000	0.5000	0.5000	0.5000	0.0000	0.0000	0.0000	0.0000
NODE_298_length_57_cov_8.500000	0	0	0	0	11	0.0000	0.0000	0.0000	0.0000	0.0000	0.0000	0.0000	0.0000	0.0000	0.0000	0.0000	0.0000	0.0000	0.0000	0.0000	0.0000	0.0000	0.0000	0.0000	0.0000	0.0000	0.5000	0.5000	0.5000	0.0000	0.0000	0.0000	0.0000
NODE_299_length_57_cov_5.000000	0	0	0	0	11	0.0000	0.0000	0.0000	0.0000	0.0000	0.0000	0.0000	0.0000	0.0000	0.0000	0.0000	0.0000	0.0000	0.0000	0.0000	0.0000	0.0000	0.0000	0.0000	0.0000	0.0000	0.5000	0.5000	0.5000	0.0000	0.0000	0.0000	0.0000
NODE_300_length_56_cov_156342.000000	0	0	0	0	11	0.0000	0.0000	0.0000	0.0000	0.0000	0.0000	0.0000	0.0000	0.0000	0.0000	0.0000	0.0000	0.0000	0.0000	0.0000	0.0000	0.0000	0.0000	0.0000	0.0000	0.0000	0.5000	0.5000	0.5000	0.0000	0.0000	0.0000	0.0000
NODE_301_length_56_cov_692.000000	0	0	0	0	11	0.0000	0.0000	0.0000	0.0000	0.0000	0.0000	0.0000	0.0000	0.0000	0.0000	0.0000	0.0000	0.0000	0.0000	0.0000	0.0000	0.0000	0.0000	0.0000	0.0000	0.0000	0.5000	0.5000	0.5000	0.0000	0.0000	0.0000	0.0000
NODE_302_length_56_cov_319.000000	0	0	0	0	11	0.0000	0.0000	0.0000	0.0000	0.0000	0.0000	0.0000	0.0000	0.0000	0.0000	0.0000	0.0000	0.0000	0.0000	0.0000	0.0000	0.0000	0.0000	0.0000	0.0000	0.0000	0.5000	0.5000	0.5000	0.0000	0.0000	0.0000	0.0000
NODE_303_length_56_cov_210.000000	0	0	0	0	11	0.0000	0.0000	0.0000	0.0000	0.0000	0.0000	0.0000	0.0000	0.0000	0.0000	0.0000	0.0000	0.0000	0.0000	0.0000	0.0000	0.0000	0.0000	0.0000	0.0000	0.0000	0.5000	0.5000	0.5000	0.0000	0.0000	0.0000	0.0000
NODE_304_length_56_cov_19.000000	0	0	0	0	11	0.0000	0.0000	0.0000	0.0000	0.0000	0.0000	0.0000	0.0000	0.0000	0.0000	0.0000	0.0000	0.0000	0.0000	0.0000	0.0000	0.0000	0.0000	0.0000	0.0000	0.0000	0.5000	0.5000	0.5000	0.0000	0.0000	0.0000	0.0000
NODE_305_length_56_cov_19.000000	0	0	0	0	11	0.0000	0.0000	0.0000	0.0000	0.0000	0.0000	0.0000	0.0000	0.0000	0.0000	0.0000	0.0000	0.0000	0.0000	0.0000	0.0000	0.0000	0.0000	0.0000	0.0000	0.0000	0.5000	0.5000	0.5000	0.0000	0.0000	0.0000	0.0000
NODE_306_length_56_cov_7.000000	0	0	0	0	11	0.0000	0.0000	0.0000	0.0000	0.0000	0.0000	0.0000	0.0000	0.0000	0.0000	0.0000	0.0000	0.0000	0.0000	0.0000	0.0000	0.0000	0.0000	0.0000	0.0000	0.0000	0.5000	0.5000	0.5000	0.0000	0.0000	0.0000	0.0000
NODE_307_length_56_cov_7.000000	0	0	0	0	11	0.0000	0.0000	0.0000	0.0000	0.0000	0.0000	0.0000	0.0000	0.0000	0.0000	0.0000	0.0000	0.0000	0.0000	0.0000	0.0000	0.0000	0.0000	0.0000	0.0000	0.0000	0.5000	0.5000	0.5000	0.0000	0.0000	0.0000	0.0000
NODE_308_length_56_cov_6.000000	0	0	0	0	11	0.0000	0.0000	0.0000	0.0000	0.0000	0.0000	0.0000	0.0000	0.0000	0.0000	0.0000	0.0000	0.0000	0.0000	0.0000	0.0000	0.0000	0.0000	0.0000	0.0000	0.0000	0.5000	0.5000	0.5000	0.0000	0.0000	0.0000	0.0000
NODE_309_length_56_cov_6.000000	0	0	0	0	11	0.0000	0.0000	0.0000	0.0000	0.0000	0.0000	0.0000	0.0000	0.0000	0.0000	0.0000	0.0000	0.0000	0.0000	0.0000	0.0000	0.0000	0.0000	0.0000	0.0000	0.0000	0.5000	0.5000	0.5000	0.0000	0.0000	0.0000	0.0000
NODE_310_length_56_cov_5.000000	0	0	0	0	11	0.0000	0.0000	0.0000	0.0000	0.0000	0.0000	0.0000	0.0000	0.0000	0.0000	0.0000	0.0000	0.0000	0.0000	0.0000	0.0000	0.0000	0.0000	0.0000	0.0000	0.0000	0.5000	0.5000	0.5000	0.0000	0.0000	0.0000	0.0000
NODE_311_length_56_cov_4.000000	0	0	0	0	11	0.0000	0.0000	0.0000	0.0000	0.0000	0.0000	0.0000	0.0000	0.0000	0.0000	0.0000	0.0000	0.0000	0.0000	0.0000	0.0000	0.0000	0.0000	0.0000	0.0000	0.0000	0.5000	0.5000	0.5000	0.0000	0.0000	0.0000	0.0000
NODE_312_length_56_cov_3.000000	0	0	0	0	11	0.0000	0.0000	0.0000	0.0000	0.0000	0.0000	0.0000	0.0000	0.0000	0.0000	0.0000	0.0000	0.0000	0.0000	0.0000	0.0000	0.0000	0.0000	0.0000	0.0000	0.0000	0.5000	0.5000	0.5000	0.0000	0.0000	0.0000	0.0000
